video,video_path,severity_0_to_3,usable_yes_no,knees_forward_at_s,notes
_header,,,,,annotator=<name>; started=<date>; finished=<date>
50218_1,/Users/tarpanmishra/Desktop/Squat More/Labeled_Dataset/videos/50218_1.mp4,,,,
49813_4,/Users/tarpanmishra/Desktop/Squat More/Labeled_Dataset/videos/49813_4.mp4,,,,
36977_2,/Users/tarpanmishra/Desktop/Squat More/Labeled_Dataset/videos/36977_2.mp4,,,,
36738_3,/Users/tarpanmishra/Desktop/Squat More/Labeled_Dataset/videos/36738_3.mp4,,,,
46035_1,/Users/tarpanmishra/Desktop/Squat More/Labeled_Dataset/videos/46035_1.mp4,,,,
50522_4,/Users/tarpanmishra/Desktop/Squat More/Labeled_Dataset/videos/50522_4.mp4,,,,
36584_1,/Users/tarpanmishra/Desktop/Squat More/Labeled_Dataset/videos/36584_1.mp4,,,,
36654_1,/Users/tarpanmishra/Desktop/Squat More/Labeled_Dataset/videos/36654_1.mp4,,,,
36206_2,/Users/tarpanmishra/Desktop/Squat More/Labeled_Dataset/videos/36206_2.mp4,,,,
48802_1,/Users/tarpanmishra/Desktop/Squat More/Labeled_Dataset/videos/48802_1.mp4,,,,
36975_1,/Users/tarpanmishra/Desktop/Squat More/Labeled_Dataset/videos/36975_1.mp4,,,,
37773_1,/Users/tarpanmishra/Desktop/Squat More/Labeled_Dataset/videos/37773_1.mp4,,,,
50279_1,/Users/tarpanmishra/Desktop/Squat More/Labeled_Dataset/videos/50279_1.mp4,,,,
47128_1,/Users/tarpanmishra/Desktop/Squat More/Labeled_Dataset/videos/47128_1.mp4,,,,
47750_4,/Users/tarpanmishra/Desktop/Squat More/Labeled_Dataset/videos/47750_4.mp4,,,,
49240_14,/Users/tarpanmishra/Desktop/Squat More/Labeled_Dataset/videos/49240_14.mp4,,,,
36092_3,/Users/tarpanmishra/Desktop/Squat More/Labeled_Dataset/videos/36092_3.mp4,,,,
33659_3,/Users/tarpanmishra/Desktop/Squat More/Labeled_Dataset/videos/33659_3.mp4,,,,
37535_2,/Users/tarpanmishra/Desktop/Squat More/Labeled_Dataset/videos/37535_2.mp4,,,,
48618_1,/Users/tarpanmishra/Desktop/Squat More/Labeled_Dataset/videos/48618_1.mp4,,,,
49295_2,/Users/tarpanmishra/Desktop/Squat More/Labeled_Dataset/videos/49295_2.mp4,,,,
49211_6,/Users/tarpanmishra/Desktop/Squat More/Labeled_Dataset/videos/49211_6.mp4,,,,
46465_3,/Users/tarpanmishra/Desktop/Squat More/Labeled_Dataset/videos/46465_3.mp4,,,,
36599_2,/Users/tarpanmishra/Desktop/Squat More/Labeled_Dataset/videos/36599_2.mp4,,,,
46230_1,/Users/tarpanmishra/Desktop/Squat More/Labeled_Dataset/videos/46230_1.mp4,,,,
49736_1,/Users/tarpanmishra/Desktop/Squat More/Labeled_Dataset/videos/49736_1.mp4,,,,
46896_3,/Users/tarpanmishra/Desktop/Squat More/Labeled_Dataset/videos/46896_3.mp4,,,,
45823_6,/Users/tarpanmishra/Desktop/Squat More/Labeled_Dataset/videos/45823_6.mp4,,,,
49017_2,/Users/tarpanmishra/Desktop/Squat More/Labeled_Dataset/videos/49017_2.mp4,,,,
46820_1,/Users/tarpanmishra/Desktop/Squat More/Labeled_Dataset/videos/46820_1.mp4,,,,
46627_3,/Users/tarpanmishra/Desktop/Squat More/Labeled_Dataset/videos/46627_3.mp4,,,,
48101_8,/Users/tarpanmishra/Desktop/Squat More/Labeled_Dataset/videos/48101_8.mp4,,,,
33035_4,/Users/tarpanmishra/Desktop/Squat More/Labeled_Dataset/videos/33035_4.mp4,,,,
50705_1,/Users/tarpanmishra/Desktop/Squat More/Labeled_Dataset/videos/50705_1.mp4,,,,
49431_1,/Users/tarpanmishra/Desktop/Squat More/Labeled_Dataset/videos/49431_1.mp4,,,,
50334_12,/Users/tarpanmishra/Desktop/Squat More/Labeled_Dataset/videos/50334_12.mp4,,,,
36275_2,/Users/tarpanmishra/Desktop/Squat More/Labeled_Dataset/videos/36275_2.mp4,,,,
36351_11,/Users/tarpanmishra/Desktop/Squat More/Labeled_Dataset/videos/36351_11.mp4,,,,
48144_3,/Users/tarpanmishra/Desktop/Squat More/Labeled_Dataset/videos/48144_3.mp4,,,,
48624_1,/Users/tarpanmishra/Desktop/Squat More/Labeled_Dataset/videos/48624_1.mp4,,,,
50471_3,/Users/tarpanmishra/Desktop/Squat More/Labeled_Dataset/videos/50471_3.mp4,,,,
37093_3,/Users/tarpanmishra/Desktop/Squat More/Labeled_Dataset/videos/37093_3.mp4,,,,
33207_1,/Users/tarpanmishra/Desktop/Squat More/Labeled_Dataset/videos/33207_1.mp4,,,,
37249_4,/Users/tarpanmishra/Desktop/Squat More/Labeled_Dataset/videos/37249_4.mp4,,,,
46655_1,/Users/tarpanmishra/Desktop/Squat More/Labeled_Dataset/videos/46655_1.mp4,,,,
47205_2,/Users/tarpanmishra/Desktop/Squat More/Labeled_Dataset/videos/47205_2.mp4,,,,
48593_4,/Users/tarpanmishra/Desktop/Squat More/Labeled_Dataset/videos/48593_4.mp4,,,,
33838_3,/Users/tarpanmishra/Desktop/Squat More/Labeled_Dataset/videos/33838_3.mp4,,,,
47827_2,/Users/tarpanmishra/Desktop/Squat More/Labeled_Dataset/videos/47827_2.mp4,,,,
33634_10,/Users/tarpanmishra/Desktop/Squat More/Labeled_Dataset/videos/33634_10.mp4,,,,
36810_1,/Users/tarpanmishra/Desktop/Squat More/Labeled_Dataset/videos/36810_1.mp4,,,,
47650_1,/Users/tarpanmishra/Desktop/Squat More/Labeled_Dataset/videos/47650_1.mp4,,,,
46243_1,/Users/tarpanmishra/Desktop/Squat More/Labeled_Dataset/videos/46243_1.mp4,,,,
48281_2,/Users/tarpanmishra/Desktop/Squat More/Labeled_Dataset/videos/48281_2.mp4,,,,
33758_1,/Users/tarpanmishra/Desktop/Squat More/Labeled_Dataset/videos/33758_1.mp4,,,,
47459_1,/Users/tarpanmishra/Desktop/Squat More/Labeled_Dataset/videos/47459_1.mp4,,,,
49733_1,/Users/tarpanmishra/Desktop/Squat More/Labeled_Dataset/videos/49733_1.mp4,,,,
49387_1,/Users/tarpanmishra/Desktop/Squat More/Labeled_Dataset/videos/49387_1.mp4,,,,
46302_3,/Users/tarpanmishra/Desktop/Squat More/Labeled_Dataset/videos/46302_3.mp4,,,,
36748_2,/Users/tarpanmishra/Desktop/Squat More/Labeled_Dataset/videos/36748_2.mp4,,,,
48367_1,/Users/tarpanmishra/Desktop/Squat More/Labeled_Dataset/videos/48367_1.mp4,,,,
33775_3,/Users/tarpanmishra/Desktop/Squat More/Labeled_Dataset/videos/33775_3.mp4,,,,
46167_1,/Users/tarpanmishra/Desktop/Squat More/Labeled_Dataset/videos/46167_1.mp4,,,,
37305_3,/Users/tarpanmishra/Desktop/Squat More/Labeled_Dataset/videos/37305_3.mp4,,,,
50264_2,/Users/tarpanmishra/Desktop/Squat More/Labeled_Dataset/videos/50264_2.mp4,,,,
49408_1,/Users/tarpanmishra/Desktop/Squat More/Labeled_Dataset/videos/49408_1.mp4,,,,
48713_1,/Users/tarpanmishra/Desktop/Squat More/Labeled_Dataset/videos/48713_1.mp4,,,,
47666_2,/Users/tarpanmishra/Desktop/Squat More/Labeled_Dataset/videos/47666_2.mp4,,,,
33051_1,/Users/tarpanmishra/Desktop/Squat More/Labeled_Dataset/videos/33051_1.mp4,,,,
48141_1,/Users/tarpanmishra/Desktop/Squat More/Labeled_Dataset/videos/48141_1.mp4,,,,
50312_3,/Users/tarpanmishra/Desktop/Squat More/Labeled_Dataset/videos/50312_3.mp4,,,,
33425_1,/Users/tarpanmishra/Desktop/Squat More/Labeled_Dataset/videos/33425_1.mp4,,,,
50619_4,/Users/tarpanmishra/Desktop/Squat More/Labeled_Dataset/videos/50619_4.mp4,,,,
49833_11,/Users/tarpanmishra/Desktop/Squat More/Labeled_Dataset/videos/49833_11.mp4,,,,
47901_8,/Users/tarpanmishra/Desktop/Squat More/Labeled_Dataset/videos/47901_8.mp4,,,,
46507_2,/Users/tarpanmishra/Desktop/Squat More/Labeled_Dataset/videos/46507_2.mp4,,,,
50406_1,/Users/tarpanmishra/Desktop/Squat More/Labeled_Dataset/videos/50406_1.mp4,,,,
47288_2,/Users/tarpanmishra/Desktop/Squat More/Labeled_Dataset/videos/47288_2.mp4,,,,
46530_1,/Users/tarpanmishra/Desktop/Squat More/Labeled_Dataset/videos/46530_1.mp4,,,,
47931_1,/Users/tarpanmishra/Desktop/Squat More/Labeled_Dataset/videos/47931_1.mp4,,,,
48844_1,/Users/tarpanmishra/Desktop/Squat More/Labeled_Dataset/videos/48844_1.mp4,,,,
50844_1,/Users/tarpanmishra/Desktop/Squat More/Labeled_Dataset/videos/50844_1.mp4,,,,
49712_1,/Users/tarpanmishra/Desktop/Squat More/Labeled_Dataset/videos/49712_1.mp4,,,,
48483_2,/Users/tarpanmishra/Desktop/Squat More/Labeled_Dataset/videos/48483_2.mp4,,,,
37859_4,/Users/tarpanmishra/Desktop/Squat More/Labeled_Dataset/videos/37859_4.mp4,,,,
37662_2,/Users/tarpanmishra/Desktop/Squat More/Labeled_Dataset/videos/37662_2.mp4,,,,
50435_1,/Users/tarpanmishra/Desktop/Squat More/Labeled_Dataset/videos/50435_1.mp4,,,,
50060_2,/Users/tarpanmishra/Desktop/Squat More/Labeled_Dataset/videos/50060_2.mp4,,,,
45950_1,/Users/tarpanmishra/Desktop/Squat More/Labeled_Dataset/videos/45950_1.mp4,,,,
49957_1,/Users/tarpanmishra/Desktop/Squat More/Labeled_Dataset/videos/49957_1.mp4,,,,
33765_1,/Users/tarpanmishra/Desktop/Squat More/Labeled_Dataset/videos/33765_1.mp4,,,,
48851_1,/Users/tarpanmishra/Desktop/Squat More/Labeled_Dataset/videos/48851_1.mp4,,,,
47194_1,/Users/tarpanmishra/Desktop/Squat More/Labeled_Dataset/videos/47194_1.mp4,,,,
47565_1,/Users/tarpanmishra/Desktop/Squat More/Labeled_Dataset/videos/47565_1.mp4,,,,
36880_1,/Users/tarpanmishra/Desktop/Squat More/Labeled_Dataset/videos/36880_1.mp4,,,,
50559_2,/Users/tarpanmishra/Desktop/Squat More/Labeled_Dataset/videos/50559_2.mp4,,,,
33454_1,/Users/tarpanmishra/Desktop/Squat More/Labeled_Dataset/videos/33454_1.mp4,,,,
36035_2,/Users/tarpanmishra/Desktop/Squat More/Labeled_Dataset/videos/36035_2.mp4,,,,
48394_1,/Users/tarpanmishra/Desktop/Squat More/Labeled_Dataset/videos/48394_1.mp4,,,,
36093_1,/Users/tarpanmishra/Desktop/Squat More/Labeled_Dataset/videos/36093_1.mp4,,,,
33045_1,/Users/tarpanmishra/Desktop/Squat More/Labeled_Dataset/videos/33045_1.mp4,,,,
48548_2,/Users/tarpanmishra/Desktop/Squat More/Labeled_Dataset/videos/48548_2.mp4,,,,
36858_1,/Users/tarpanmishra/Desktop/Squat More/Labeled_Dataset/videos/36858_1.mp4,,,,
50871_2,/Users/tarpanmishra/Desktop/Squat More/Labeled_Dataset/videos/50871_2.mp4,,,,
50846_2,/Users/tarpanmishra/Desktop/Squat More/Labeled_Dataset/videos/50846_2.mp4,,,,
47130_1,/Users/tarpanmishra/Desktop/Squat More/Labeled_Dataset/videos/47130_1.mp4,,,,
50599_3,/Users/tarpanmishra/Desktop/Squat More/Labeled_Dataset/videos/50599_3.mp4,,,,
37732_2,/Users/tarpanmishra/Desktop/Squat More/Labeled_Dataset/videos/37732_2.mp4,,,,
46725_1,/Users/tarpanmishra/Desktop/Squat More/Labeled_Dataset/videos/46725_1.mp4,,,,
33103_2,/Users/tarpanmishra/Desktop/Squat More/Labeled_Dataset/videos/33103_2.mp4,,,,
33805_1,/Users/tarpanmishra/Desktop/Squat More/Labeled_Dataset/videos/33805_1.mp4,,,,
48323_3,/Users/tarpanmishra/Desktop/Squat More/Labeled_Dataset/videos/48323_3.mp4,,,,
46648_1,/Users/tarpanmishra/Desktop/Squat More/Labeled_Dataset/videos/46648_1.mp4,,,,
46334_2,/Users/tarpanmishra/Desktop/Squat More/Labeled_Dataset/videos/46334_2.mp4,,,,
49807_1,/Users/tarpanmishra/Desktop/Squat More/Labeled_Dataset/videos/49807_1.mp4,,,,
47483_1,/Users/tarpanmishra/Desktop/Squat More/Labeled_Dataset/videos/47483_1.mp4,,,,
47681_1,/Users/tarpanmishra/Desktop/Squat More/Labeled_Dataset/videos/47681_1.mp4,,,,
33499_1,/Users/tarpanmishra/Desktop/Squat More/Labeled_Dataset/videos/33499_1.mp4,,,,
49724_2,/Users/tarpanmishra/Desktop/Squat More/Labeled_Dataset/videos/49724_2.mp4,,,,
47940_1,/Users/tarpanmishra/Desktop/Squat More/Labeled_Dataset/videos/47940_1.mp4,,,,
50829_11,/Users/tarpanmishra/Desktop/Squat More/Labeled_Dataset/videos/50829_11.mp4,,,,
47223_1,/Users/tarpanmishra/Desktop/Squat More/Labeled_Dataset/videos/47223_1.mp4,,,,
47919_1,/Users/tarpanmishra/Desktop/Squat More/Labeled_Dataset/videos/47919_1.mp4,,,,
36679_5,/Users/tarpanmishra/Desktop/Squat More/Labeled_Dataset/videos/36679_5.mp4,,,,
37958_1,/Users/tarpanmishra/Desktop/Squat More/Labeled_Dataset/videos/37958_1.mp4,,,,
33316_1,/Users/tarpanmishra/Desktop/Squat More/Labeled_Dataset/videos/33316_1.mp4,,,,
47703_2,/Users/tarpanmishra/Desktop/Squat More/Labeled_Dataset/videos/47703_2.mp4,,,,
37072_3,/Users/tarpanmishra/Desktop/Squat More/Labeled_Dataset/videos/37072_3.mp4,,,,
36953_1,/Users/tarpanmishra/Desktop/Squat More/Labeled_Dataset/videos/36953_1.mp4,,,,
46506_5,/Users/tarpanmishra/Desktop/Squat More/Labeled_Dataset/videos/46506_5.mp4,,,,
46029_1,/Users/tarpanmishra/Desktop/Squat More/Labeled_Dataset/videos/46029_1.mp4,,,,
46570_1,/Users/tarpanmishra/Desktop/Squat More/Labeled_Dataset/videos/46570_1.mp4,,,,
49565_5,/Users/tarpanmishra/Desktop/Squat More/Labeled_Dataset/videos/49565_5.mp4,,,,
49618_2,/Users/tarpanmishra/Desktop/Squat More/Labeled_Dataset/videos/49618_2.mp4,,,,
49949_2,/Users/tarpanmishra/Desktop/Squat More/Labeled_Dataset/videos/49949_2.mp4,,,,
48504_1,/Users/tarpanmishra/Desktop/Squat More/Labeled_Dataset/videos/48504_1.mp4,,,,
33555_5,/Users/tarpanmishra/Desktop/Squat More/Labeled_Dataset/videos/33555_5.mp4,,,,
36534_5,/Users/tarpanmishra/Desktop/Squat More/Labeled_Dataset/videos/36534_5.mp4,,,,
48840_5,/Users/tarpanmishra/Desktop/Squat More/Labeled_Dataset/videos/48840_5.mp4,,,,
33322_3,/Users/tarpanmishra/Desktop/Squat More/Labeled_Dataset/videos/33322_3.mp4,,,,
48451_1,/Users/tarpanmishra/Desktop/Squat More/Labeled_Dataset/videos/48451_1.mp4,,,,
49406_2,/Users/tarpanmishra/Desktop/Squat More/Labeled_Dataset/videos/49406_2.mp4,,,,
49191_4,/Users/tarpanmishra/Desktop/Squat More/Labeled_Dataset/videos/49191_4.mp4,,,,
36325_1,/Users/tarpanmishra/Desktop/Squat More/Labeled_Dataset/videos/36325_1.mp4,,,,
46160_1,/Users/tarpanmishra/Desktop/Squat More/Labeled_Dataset/videos/46160_1.mp4,,,,
37756_1,/Users/tarpanmishra/Desktop/Squat More/Labeled_Dataset/videos/37756_1.mp4,,,,
46413_4,/Users/tarpanmishra/Desktop/Squat More/Labeled_Dataset/videos/46413_4.mp4,,,,
47548_1,/Users/tarpanmishra/Desktop/Squat More/Labeled_Dataset/videos/47548_1.mp4,,,,
37936_1,/Users/tarpanmishra/Desktop/Squat More/Labeled_Dataset/videos/37936_1.mp4,,,,
33725_2,/Users/tarpanmishra/Desktop/Squat More/Labeled_Dataset/videos/33725_2.mp4,,,,
48175_2,/Users/tarpanmishra/Desktop/Squat More/Labeled_Dataset/videos/48175_2.mp4,,,,
50242_3,/Users/tarpanmishra/Desktop/Squat More/Labeled_Dataset/videos/50242_3.mp4,,,,
33630_2,/Users/tarpanmishra/Desktop/Squat More/Labeled_Dataset/videos/33630_2.mp4,,,,
47476_4,/Users/tarpanmishra/Desktop/Squat More/Labeled_Dataset/videos/47476_4.mp4,,,,
46312_2,/Users/tarpanmishra/Desktop/Squat More/Labeled_Dataset/videos/46312_2.mp4,,,,
32996_2,/Users/tarpanmishra/Desktop/Squat More/Labeled_Dataset/videos/32996_2.mp4,,,,
46213_1,/Users/tarpanmishra/Desktop/Squat More/Labeled_Dataset/videos/46213_1.mp4,,,,
37423_1,/Users/tarpanmishra/Desktop/Squat More/Labeled_Dataset/videos/37423_1.mp4,,,,
36897_1,/Users/tarpanmishra/Desktop/Squat More/Labeled_Dataset/videos/36897_1.mp4,,,,
50611_3,/Users/tarpanmishra/Desktop/Squat More/Labeled_Dataset/videos/50611_3.mp4,,,,
48744_1,/Users/tarpanmishra/Desktop/Squat More/Labeled_Dataset/videos/48744_1.mp4,,,,
33503_2,/Users/tarpanmishra/Desktop/Squat More/Labeled_Dataset/videos/33503_2.mp4,,,,
49165_2,/Users/tarpanmishra/Desktop/Squat More/Labeled_Dataset/videos/49165_2.mp4,,,,
48720_1,/Users/tarpanmishra/Desktop/Squat More/Labeled_Dataset/videos/48720_1.mp4,,,,
49161_1,/Users/tarpanmishra/Desktop/Squat More/Labeled_Dataset/videos/49161_1.mp4,,,,
36166_1,/Users/tarpanmishra/Desktop/Squat More/Labeled_Dataset/videos/36166_1.mp4,,,,
36501_1,/Users/tarpanmishra/Desktop/Squat More/Labeled_Dataset/videos/36501_1.mp4,,,,
46187_1,/Users/tarpanmishra/Desktop/Squat More/Labeled_Dataset/videos/46187_1.mp4,,,,
48654_1,/Users/tarpanmishra/Desktop/Squat More/Labeled_Dataset/videos/48654_1.mp4,,,,
36947_1,/Users/tarpanmishra/Desktop/Squat More/Labeled_Dataset/videos/36947_1.mp4,,,,
45959_1,/Users/tarpanmishra/Desktop/Squat More/Labeled_Dataset/videos/45959_1.mp4,,,,
47274_1,/Users/tarpanmishra/Desktop/Squat More/Labeled_Dataset/videos/47274_1.mp4,,,,
36746_1,/Users/tarpanmishra/Desktop/Squat More/Labeled_Dataset/videos/36746_1.mp4,,,,
46445_1,/Users/tarpanmishra/Desktop/Squat More/Labeled_Dataset/videos/46445_1.mp4,,,,
49490_5,/Users/tarpanmishra/Desktop/Squat More/Labeled_Dataset/videos/49490_5.mp4,,,,
36375_1,/Users/tarpanmishra/Desktop/Squat More/Labeled_Dataset/videos/36375_1.mp4,,,,
50204_1,/Users/tarpanmishra/Desktop/Squat More/Labeled_Dataset/videos/50204_1.mp4,,,,
46856_1,/Users/tarpanmishra/Desktop/Squat More/Labeled_Dataset/videos/46856_1.mp4,,,,
36954_2,/Users/tarpanmishra/Desktop/Squat More/Labeled_Dataset/videos/36954_2.mp4,,,,
33088_1,/Users/tarpanmishra/Desktop/Squat More/Labeled_Dataset/videos/33088_1.mp4,,,,
49596_1,/Users/tarpanmishra/Desktop/Squat More/Labeled_Dataset/videos/49596_1.mp4,,,,
47487_2,/Users/tarpanmishra/Desktop/Squat More/Labeled_Dataset/videos/47487_2.mp4,,,,
50174_1,/Users/tarpanmishra/Desktop/Squat More/Labeled_Dataset/videos/50174_1.mp4,,,,
48549_6,/Users/tarpanmishra/Desktop/Squat More/Labeled_Dataset/videos/48549_6.mp4,,,,
50591_1,/Users/tarpanmishra/Desktop/Squat More/Labeled_Dataset/videos/50591_1.mp4,,,,
36984_4,/Users/tarpanmishra/Desktop/Squat More/Labeled_Dataset/videos/36984_4.mp4,,,,
37812_2,/Users/tarpanmishra/Desktop/Squat More/Labeled_Dataset/videos/37812_2.mp4,,,,
33468_2,/Users/tarpanmishra/Desktop/Squat More/Labeled_Dataset/videos/33468_2.mp4,,,,
36614_10,/Users/tarpanmishra/Desktop/Squat More/Labeled_Dataset/videos/36614_10.mp4,,,,
37927_1,/Users/tarpanmishra/Desktop/Squat More/Labeled_Dataset/videos/37927_1.mp4,,,,
46466_3,/Users/tarpanmishra/Desktop/Squat More/Labeled_Dataset/videos/46466_3.mp4,,,,
33483_2,/Users/tarpanmishra/Desktop/Squat More/Labeled_Dataset/videos/33483_2.mp4,,,,
46239_5,/Users/tarpanmishra/Desktop/Squat More/Labeled_Dataset/videos/46239_5.mp4,,,,
47403_2,/Users/tarpanmishra/Desktop/Squat More/Labeled_Dataset/videos/47403_2.mp4,,,,
33375_5,/Users/tarpanmishra/Desktop/Squat More/Labeled_Dataset/videos/33375_5.mp4,,,,
37172_2,/Users/tarpanmishra/Desktop/Squat More/Labeled_Dataset/videos/37172_2.mp4,,,,
49195_1,/Users/tarpanmishra/Desktop/Squat More/Labeled_Dataset/videos/49195_1.mp4,,,,
37108_11,/Users/tarpanmishra/Desktop/Squat More/Labeled_Dataset/videos/37108_11.mp4,,,,
46482_2,/Users/tarpanmishra/Desktop/Squat More/Labeled_Dataset/videos/46482_2.mp4,,,,
48031_1,/Users/tarpanmishra/Desktop/Squat More/Labeled_Dataset/videos/48031_1.mp4,,,,
47559_3,/Users/tarpanmishra/Desktop/Squat More/Labeled_Dataset/videos/47559_3.mp4,,,,
48074_1,/Users/tarpanmishra/Desktop/Squat More/Labeled_Dataset/videos/48074_1.mp4,,,,
36046_4,/Users/tarpanmishra/Desktop/Squat More/Labeled_Dataset/videos/36046_4.mp4,,,,
47589_2,/Users/tarpanmishra/Desktop/Squat More/Labeled_Dataset/videos/47589_2.mp4,,,,
47861_2,/Users/tarpanmishra/Desktop/Squat More/Labeled_Dataset/videos/47861_2.mp4,,,,
33166_1,/Users/tarpanmishra/Desktop/Squat More/Labeled_Dataset/videos/33166_1.mp4,,,,
48143_1,/Users/tarpanmishra/Desktop/Squat More/Labeled_Dataset/videos/48143_1.mp4,,,,
47534_1,/Users/tarpanmishra/Desktop/Squat More/Labeled_Dataset/videos/47534_1.mp4,,,,
47315_4,/Users/tarpanmishra/Desktop/Squat More/Labeled_Dataset/videos/47315_4.mp4,,,,
46669_2,/Users/tarpanmishra/Desktop/Squat More/Labeled_Dataset/videos/46669_2.mp4,,,,
37906_3,/Users/tarpanmishra/Desktop/Squat More/Labeled_Dataset/videos/37906_3.mp4,,,,
36143_1,/Users/tarpanmishra/Desktop/Squat More/Labeled_Dataset/videos/36143_1.mp4,,,,
36354_2,/Users/tarpanmishra/Desktop/Squat More/Labeled_Dataset/videos/36354_2.mp4,,,,
47719_1,/Users/tarpanmishra/Desktop/Squat More/Labeled_Dataset/videos/47719_1.mp4,,,,
50278_1,/Users/tarpanmishra/Desktop/Squat More/Labeled_Dataset/videos/50278_1.mp4,,,,
50423_5,/Users/tarpanmishra/Desktop/Squat More/Labeled_Dataset/videos/50423_5.mp4,,,,
37596_1,/Users/tarpanmishra/Desktop/Squat More/Labeled_Dataset/videos/37596_1.mp4,,,,
36586_1,/Users/tarpanmishra/Desktop/Squat More/Labeled_Dataset/videos/36586_1.mp4,,,,
47808_1,/Users/tarpanmishra/Desktop/Squat More/Labeled_Dataset/videos/47808_1.mp4,,,,
50414_1,/Users/tarpanmishra/Desktop/Squat More/Labeled_Dataset/videos/50414_1.mp4,,,,
48683_1,/Users/tarpanmishra/Desktop/Squat More/Labeled_Dataset/videos/48683_1.mp4,,,,
36478_7,/Users/tarpanmishra/Desktop/Squat More/Labeled_Dataset/videos/36478_7.mp4,,,,
37597_3,/Users/tarpanmishra/Desktop/Squat More/Labeled_Dataset/videos/37597_3.mp4,,,,
33608_4,/Users/tarpanmishra/Desktop/Squat More/Labeled_Dataset/videos/33608_4.mp4,,,,
46921_1,/Users/tarpanmishra/Desktop/Squat More/Labeled_Dataset/videos/46921_1.mp4,,,,
49456_4,/Users/tarpanmishra/Desktop/Squat More/Labeled_Dataset/videos/49456_4.mp4,,,,
38035_1,/Users/tarpanmishra/Desktop/Squat More/Labeled_Dataset/videos/38035_1.mp4,,,,
37723_2,/Users/tarpanmishra/Desktop/Squat More/Labeled_Dataset/videos/37723_2.mp4,,,,
47479_6,/Users/tarpanmishra/Desktop/Squat More/Labeled_Dataset/videos/47479_6.mp4,,,,
37413_6,/Users/tarpanmishra/Desktop/Squat More/Labeled_Dataset/videos/37413_6.mp4,,,,
49000_8,/Users/tarpanmishra/Desktop/Squat More/Labeled_Dataset/videos/49000_8.mp4,,,,
37067_1,/Users/tarpanmishra/Desktop/Squat More/Labeled_Dataset/videos/37067_1.mp4,,,,
46546_4,/Users/tarpanmishra/Desktop/Squat More/Labeled_Dataset/videos/46546_4.mp4,,,,
46125_10,/Users/tarpanmishra/Desktop/Squat More/Labeled_Dataset/videos/46125_10.mp4,,,,
47544_2,/Users/tarpanmishra/Desktop/Squat More/Labeled_Dataset/videos/47544_2.mp4,,,,
46026_1,/Users/tarpanmishra/Desktop/Squat More/Labeled_Dataset/videos/46026_1.mp4,,,,
37400_2,/Users/tarpanmishra/Desktop/Squat More/Labeled_Dataset/videos/37400_2.mp4,,,,
50172_2,/Users/tarpanmishra/Desktop/Squat More/Labeled_Dataset/videos/50172_2.mp4,,,,
47320_6,/Users/tarpanmishra/Desktop/Squat More/Labeled_Dataset/videos/47320_6.mp4,,,,
47570_1,/Users/tarpanmishra/Desktop/Squat More/Labeled_Dataset/videos/47570_1.mp4,,,,
50370_3,/Users/tarpanmishra/Desktop/Squat More/Labeled_Dataset/videos/50370_3.mp4,,,,
33063_6,/Users/tarpanmishra/Desktop/Squat More/Labeled_Dataset/videos/33063_6.mp4,,,,
33028_2,/Users/tarpanmishra/Desktop/Squat More/Labeled_Dataset/videos/33028_2.mp4,,,,
50624_5,/Users/tarpanmishra/Desktop/Squat More/Labeled_Dataset/videos/50624_5.mp4,,,,
36236_2,/Users/tarpanmishra/Desktop/Squat More/Labeled_Dataset/videos/36236_2.mp4,,,,
33048_1,/Users/tarpanmishra/Desktop/Squat More/Labeled_Dataset/videos/33048_1.mp4,,,,
49355_1,/Users/tarpanmishra/Desktop/Squat More/Labeled_Dataset/videos/49355_1.mp4,,,,
36585_1,/Users/tarpanmishra/Desktop/Squat More/Labeled_Dataset/videos/36585_1.mp4,,,,
47829_1,/Users/tarpanmishra/Desktop/Squat More/Labeled_Dataset/videos/47829_1.mp4,,,,
36544_1,/Users/tarpanmishra/Desktop/Squat More/Labeled_Dataset/videos/36544_1.mp4,,,,
47279_1,/Users/tarpanmishra/Desktop/Squat More/Labeled_Dataset/videos/47279_1.mp4,,,,
46217_1,/Users/tarpanmishra/Desktop/Squat More/Labeled_Dataset/videos/46217_1.mp4,,,,
36081_3,/Users/tarpanmishra/Desktop/Squat More/Labeled_Dataset/videos/36081_3.mp4,,,,
36732_3,/Users/tarpanmishra/Desktop/Squat More/Labeled_Dataset/videos/36732_3.mp4,,,,
33891_1,/Users/tarpanmishra/Desktop/Squat More/Labeled_Dataset/videos/33891_1.mp4,,,,
47742_2,/Users/tarpanmishra/Desktop/Squat More/Labeled_Dataset/videos/47742_2.mp4,,,,
37300_6,/Users/tarpanmishra/Desktop/Squat More/Labeled_Dataset/videos/37300_6.mp4,,,,
48727_8,/Users/tarpanmishra/Desktop/Squat More/Labeled_Dataset/videos/48727_8.mp4,,,,
50024_2,/Users/tarpanmishra/Desktop/Squat More/Labeled_Dataset/videos/50024_2.mp4,,,,
49548_1,/Users/tarpanmishra/Desktop/Squat More/Labeled_Dataset/videos/49548_1.mp4,,,,
36254_3,/Users/tarpanmishra/Desktop/Squat More/Labeled_Dataset/videos/36254_3.mp4,,,,
38109_14,/Users/tarpanmishra/Desktop/Squat More/Labeled_Dataset/videos/38109_14.mp4,,,,
46286_1,/Users/tarpanmishra/Desktop/Squat More/Labeled_Dataset/videos/46286_1.mp4,,,,
37214_1,/Users/tarpanmishra/Desktop/Squat More/Labeled_Dataset/videos/37214_1.mp4,,,,
33860_3,/Users/tarpanmishra/Desktop/Squat More/Labeled_Dataset/videos/33860_3.mp4,,,,
49351_1,/Users/tarpanmishra/Desktop/Squat More/Labeled_Dataset/videos/49351_1.mp4,,,,
33966_2,/Users/tarpanmishra/Desktop/Squat More/Labeled_Dataset/videos/33966_2.mp4,,,,
36360_2,/Users/tarpanmishra/Desktop/Squat More/Labeled_Dataset/videos/36360_2.mp4,,,,
33096_3,/Users/tarpanmishra/Desktop/Squat More/Labeled_Dataset/videos/33096_3.mp4,,,,
46007_3,/Users/tarpanmishra/Desktop/Squat More/Labeled_Dataset/videos/46007_3.mp4,,,,
36991_2,/Users/tarpanmishra/Desktop/Squat More/Labeled_Dataset/videos/36991_2.mp4,,,,
36389_4,/Users/tarpanmishra/Desktop/Squat More/Labeled_Dataset/videos/36389_4.mp4,,,,
33387_1,/Users/tarpanmishra/Desktop/Squat More/Labeled_Dataset/videos/33387_1.mp4,,,,
50816_3,/Users/tarpanmishra/Desktop/Squat More/Labeled_Dataset/videos/50816_3.mp4,,,,
46183_3,/Users/tarpanmishra/Desktop/Squat More/Labeled_Dataset/videos/46183_3.mp4,,,,
47107_1,/Users/tarpanmishra/Desktop/Squat More/Labeled_Dataset/videos/47107_1.mp4,,,,
47305_1,/Users/tarpanmishra/Desktop/Squat More/Labeled_Dataset/videos/47305_1.mp4,,,,
37619_2,/Users/tarpanmishra/Desktop/Squat More/Labeled_Dataset/videos/37619_2.mp4,,,,
47004_1,/Users/tarpanmishra/Desktop/Squat More/Labeled_Dataset/videos/47004_1.mp4,,,,
49402_2,/Users/tarpanmishra/Desktop/Squat More/Labeled_Dataset/videos/49402_2.mp4,,,,
49734_4,/Users/tarpanmishra/Desktop/Squat More/Labeled_Dataset/videos/49734_4.mp4,,,,
49956_1,/Users/tarpanmishra/Desktop/Squat More/Labeled_Dataset/videos/49956_1.mp4,,,,
37701_14,/Users/tarpanmishra/Desktop/Squat More/Labeled_Dataset/videos/37701_14.mp4,,,,
49769_1,/Users/tarpanmishra/Desktop/Squat More/Labeled_Dataset/videos/49769_1.mp4,,,,
36129_2,/Users/tarpanmishra/Desktop/Squat More/Labeled_Dataset/videos/36129_2.mp4,,,,
47523_1,/Users/tarpanmishra/Desktop/Squat More/Labeled_Dataset/videos/47523_1.mp4,,,,
36915_5,/Users/tarpanmishra/Desktop/Squat More/Labeled_Dataset/videos/36915_5.mp4,,,,
37092_1,/Users/tarpanmishra/Desktop/Squat More/Labeled_Dataset/videos/37092_1.mp4,,,,
50869_5,/Users/tarpanmishra/Desktop/Squat More/Labeled_Dataset/videos/50869_5.mp4,,,,
38029_1,/Users/tarpanmishra/Desktop/Squat More/Labeled_Dataset/videos/38029_1.mp4,,,,
37286_1,/Users/tarpanmishra/Desktop/Squat More/Labeled_Dataset/videos/37286_1.mp4,,,,
36408_2,/Users/tarpanmishra/Desktop/Squat More/Labeled_Dataset/videos/36408_2.mp4,,,,
47869_3,/Users/tarpanmishra/Desktop/Squat More/Labeled_Dataset/videos/47869_3.mp4,,,,
37663_5,/Users/tarpanmishra/Desktop/Squat More/Labeled_Dataset/videos/37663_5.mp4,,,,
33334_2,/Users/tarpanmishra/Desktop/Squat More/Labeled_Dataset/videos/33334_2.mp4,,,,
46100_3,/Users/tarpanmishra/Desktop/Squat More/Labeled_Dataset/videos/46100_3.mp4,,,,
49539_2,/Users/tarpanmishra/Desktop/Squat More/Labeled_Dataset/videos/49539_2.mp4,,,,
48293_2,/Users/tarpanmishra/Desktop/Squat More/Labeled_Dataset/videos/48293_2.mp4,,,,
33599_4,/Users/tarpanmishra/Desktop/Squat More/Labeled_Dataset/videos/33599_4.mp4,,,,
50551_10,/Users/tarpanmishra/Desktop/Squat More/Labeled_Dataset/videos/50551_10.mp4,,,,
47645_5,/Users/tarpanmishra/Desktop/Squat More/Labeled_Dataset/videos/47645_5.mp4,,,,
48253_2,/Users/tarpanmishra/Desktop/Squat More/Labeled_Dataset/videos/48253_2.mp4,,,,
48179_2,/Users/tarpanmishra/Desktop/Squat More/Labeled_Dataset/videos/48179_2.mp4,,,,
36907_1,/Users/tarpanmishra/Desktop/Squat More/Labeled_Dataset/videos/36907_1.mp4,,,,
37587_4,/Users/tarpanmishra/Desktop/Squat More/Labeled_Dataset/videos/37587_4.mp4,,,,
37428_1,/Users/tarpanmishra/Desktop/Squat More/Labeled_Dataset/videos/37428_1.mp4,,,,
50870_2,/Users/tarpanmishra/Desktop/Squat More/Labeled_Dataset/videos/50870_2.mp4,,,,
37478_3,/Users/tarpanmishra/Desktop/Squat More/Labeled_Dataset/videos/37478_3.mp4,,,,
50280_3,/Users/tarpanmishra/Desktop/Squat More/Labeled_Dataset/videos/50280_3.mp4,,,,
48389_3,/Users/tarpanmishra/Desktop/Squat More/Labeled_Dataset/videos/48389_3.mp4,,,,
38023_1,/Users/tarpanmishra/Desktop/Squat More/Labeled_Dataset/videos/38023_1.mp4,,,,
49155_2,/Users/tarpanmishra/Desktop/Squat More/Labeled_Dataset/videos/49155_2.mp4,,,,
46367_1,/Users/tarpanmishra/Desktop/Squat More/Labeled_Dataset/videos/46367_1.mp4,,,,
47910_3,/Users/tarpanmishra/Desktop/Squat More/Labeled_Dataset/videos/47910_3.mp4,,,,
50489_2,/Users/tarpanmishra/Desktop/Squat More/Labeled_Dataset/videos/50489_2.mp4,,,,
32995_3,/Users/tarpanmishra/Desktop/Squat More/Labeled_Dataset/videos/32995_3.mp4,,,,
37389_1,/Users/tarpanmishra/Desktop/Squat More/Labeled_Dataset/videos/37389_1.mp4,,,,
48484_7,/Users/tarpanmishra/Desktop/Squat More/Labeled_Dataset/videos/48484_7.mp4,,,,
37376_2,/Users/tarpanmishra/Desktop/Squat More/Labeled_Dataset/videos/37376_2.mp4,,,,
37861_3,/Users/tarpanmishra/Desktop/Squat More/Labeled_Dataset/videos/37861_3.mp4,,,,
48233_1,/Users/tarpanmishra/Desktop/Squat More/Labeled_Dataset/videos/48233_1.mp4,,,,
36563_2,/Users/tarpanmishra/Desktop/Squat More/Labeled_Dataset/videos/36563_2.mp4,,,,
37362_7,/Users/tarpanmishra/Desktop/Squat More/Labeled_Dataset/videos/37362_7.mp4,,,,
47939_1,/Users/tarpanmishra/Desktop/Squat More/Labeled_Dataset/videos/47939_1.mp4,,,,
36788_2,/Users/tarpanmishra/Desktop/Squat More/Labeled_Dataset/videos/36788_2.mp4,,,,
36506_1,/Users/tarpanmishra/Desktop/Squat More/Labeled_Dataset/videos/36506_1.mp4,,,,
33511_1,/Users/tarpanmishra/Desktop/Squat More/Labeled_Dataset/videos/33511_1.mp4,,,,
36687_3,/Users/tarpanmishra/Desktop/Squat More/Labeled_Dataset/videos/36687_3.mp4,,,,
47960_1,/Users/tarpanmishra/Desktop/Squat More/Labeled_Dataset/videos/47960_1.mp4,,,,
37337_1,/Users/tarpanmishra/Desktop/Squat More/Labeled_Dataset/videos/37337_1.mp4,,,,
48238_3,/Users/tarpanmishra/Desktop/Squat More/Labeled_Dataset/videos/48238_3.mp4,,,,
49509_2,/Users/tarpanmishra/Desktop/Squat More/Labeled_Dataset/videos/49509_2.mp4,,,,
49802_1,/Users/tarpanmishra/Desktop/Squat More/Labeled_Dataset/videos/49802_1.mp4,,,,
33440_2,/Users/tarpanmishra/Desktop/Squat More/Labeled_Dataset/videos/33440_2.mp4,,,,
32979_1,/Users/tarpanmishra/Desktop/Squat More/Labeled_Dataset/videos/32979_1.mp4,,,,
49204_2,/Users/tarpanmishra/Desktop/Squat More/Labeled_Dataset/videos/49204_2.mp4,,,,
37206_3,/Users/tarpanmishra/Desktop/Squat More/Labeled_Dataset/videos/37206_3.mp4,,,,
32991_2,/Users/tarpanmishra/Desktop/Squat More/Labeled_Dataset/videos/32991_2.mp4,,,,
49197_1,/Users/tarpanmishra/Desktop/Squat More/Labeled_Dataset/videos/49197_1.mp4,,,,
36653_2,/Users/tarpanmishra/Desktop/Squat More/Labeled_Dataset/videos/36653_2.mp4,,,,
48652_3,/Users/tarpanmishra/Desktop/Squat More/Labeled_Dataset/videos/48652_3.mp4,,,,
49515_5,/Users/tarpanmishra/Desktop/Squat More/Labeled_Dataset/videos/49515_5.mp4,,,,
36434_2,/Users/tarpanmishra/Desktop/Squat More/Labeled_Dataset/videos/36434_2.mp4,,,,
33843_1,/Users/tarpanmishra/Desktop/Squat More/Labeled_Dataset/videos/33843_1.mp4,,,,
49947_1,/Users/tarpanmishra/Desktop/Squat More/Labeled_Dataset/videos/49947_1.mp4,,,,
50418_1,/Users/tarpanmishra/Desktop/Squat More/Labeled_Dataset/videos/50418_1.mp4,,,,
37471_3,/Users/tarpanmishra/Desktop/Squat More/Labeled_Dataset/videos/37471_3.mp4,,,,
36238_5,/Users/tarpanmishra/Desktop/Squat More/Labeled_Dataset/videos/36238_5.mp4,,,,
48445_1,/Users/tarpanmishra/Desktop/Squat More/Labeled_Dataset/videos/48445_1.mp4,,,,
49516_1,/Users/tarpanmishra/Desktop/Squat More/Labeled_Dataset/videos/49516_1.mp4,,,,
48638_2,/Users/tarpanmishra/Desktop/Squat More/Labeled_Dataset/videos/48638_2.mp4,,,,
36133_2,/Users/tarpanmishra/Desktop/Squat More/Labeled_Dataset/videos/36133_2.mp4,,,,
46616_20,/Users/tarpanmishra/Desktop/Squat More/Labeled_Dataset/videos/46616_20.mp4,,,,
49864_2,/Users/tarpanmishra/Desktop/Squat More/Labeled_Dataset/videos/49864_2.mp4,,,,
50343_1,/Users/tarpanmishra/Desktop/Squat More/Labeled_Dataset/videos/50343_1.mp4,,,,
37099_7,/Users/tarpanmishra/Desktop/Squat More/Labeled_Dataset/videos/37099_7.mp4,,,,
36264_2,/Users/tarpanmishra/Desktop/Squat More/Labeled_Dataset/videos/36264_2.mp4,,,,
49001_5,/Users/tarpanmishra/Desktop/Squat More/Labeled_Dataset/videos/49001_5.mp4,,,,
48608_10,/Users/tarpanmishra/Desktop/Squat More/Labeled_Dataset/videos/48608_10.mp4,,,,
37815_1,/Users/tarpanmishra/Desktop/Squat More/Labeled_Dataset/videos/37815_1.mp4,,,,
33229_2,/Users/tarpanmishra/Desktop/Squat More/Labeled_Dataset/videos/33229_2.mp4,,,,
36309_3,/Users/tarpanmishra/Desktop/Squat More/Labeled_Dataset/videos/36309_3.mp4,,,,
48575_1,/Users/tarpanmishra/Desktop/Squat More/Labeled_Dataset/videos/48575_1.mp4,,,,
36221_1,/Users/tarpanmishra/Desktop/Squat More/Labeled_Dataset/videos/36221_1.mp4,,,,
47186_5,/Users/tarpanmishra/Desktop/Squat More/Labeled_Dataset/videos/47186_5.mp4,,,,
49125_1,/Users/tarpanmishra/Desktop/Squat More/Labeled_Dataset/videos/49125_1.mp4,,,,
50001_7,/Users/tarpanmishra/Desktop/Squat More/Labeled_Dataset/videos/50001_7.mp4,,,,
47646_1,/Users/tarpanmishra/Desktop/Squat More/Labeled_Dataset/videos/47646_1.mp4,,,,
33194_1,/Users/tarpanmishra/Desktop/Squat More/Labeled_Dataset/videos/33194_1.mp4,,,,
37941_3,/Users/tarpanmishra/Desktop/Squat More/Labeled_Dataset/videos/37941_3.mp4,,,,
46424_5,/Users/tarpanmishra/Desktop/Squat More/Labeled_Dataset/videos/46424_5.mp4,,,,
37603_1,/Users/tarpanmishra/Desktop/Squat More/Labeled_Dataset/videos/37603_1.mp4,,,,
37050_1,/Users/tarpanmishra/Desktop/Squat More/Labeled_Dataset/videos/37050_1.mp4,,,,
37653_1,/Users/tarpanmishra/Desktop/Squat More/Labeled_Dataset/videos/37653_1.mp4,,,,
48183_1,/Users/tarpanmishra/Desktop/Squat More/Labeled_Dataset/videos/48183_1.mp4,,,,
46082_4,/Users/tarpanmishra/Desktop/Squat More/Labeled_Dataset/videos/46082_4.mp4,,,,
33850_1,/Users/tarpanmishra/Desktop/Squat More/Labeled_Dataset/videos/33850_1.mp4,,,,
36943_3,/Users/tarpanmishra/Desktop/Squat More/Labeled_Dataset/videos/36943_3.mp4,,,,
36107_1,/Users/tarpanmishra/Desktop/Squat More/Labeled_Dataset/videos/36107_1.mp4,,,,
47619_1,/Users/tarpanmishra/Desktop/Squat More/Labeled_Dataset/videos/47619_1.mp4,,,,
46134_1,/Users/tarpanmishra/Desktop/Squat More/Labeled_Dataset/videos/46134_1.mp4,,,,
33417_1,/Users/tarpanmishra/Desktop/Squat More/Labeled_Dataset/videos/33417_1.mp4,,,,
46341_1,/Users/tarpanmishra/Desktop/Squat More/Labeled_Dataset/videos/46341_1.mp4,,,,
49921_3,/Users/tarpanmishra/Desktop/Squat More/Labeled_Dataset/videos/49921_3.mp4,,,,
50462_7,/Users/tarpanmishra/Desktop/Squat More/Labeled_Dataset/videos/50462_7.mp4,,,,
47054_1,/Users/tarpanmishra/Desktop/Squat More/Labeled_Dataset/videos/47054_1.mp4,,,,
48687_3,/Users/tarpanmishra/Desktop/Squat More/Labeled_Dataset/videos/48687_3.mp4,,,,
46881_1,/Users/tarpanmishra/Desktop/Squat More/Labeled_Dataset/videos/46881_1.mp4,,,,
37757_3,/Users/tarpanmishra/Desktop/Squat More/Labeled_Dataset/videos/37757_3.mp4,,,,
50320_1,/Users/tarpanmishra/Desktop/Squat More/Labeled_Dataset/videos/50320_1.mp4,,,,
47020_1,/Users/tarpanmishra/Desktop/Squat More/Labeled_Dataset/videos/47020_1.mp4,,,,
33406_8,/Users/tarpanmishra/Desktop/Squat More/Labeled_Dataset/videos/33406_8.mp4,,,,
37265_1,/Users/tarpanmishra/Desktop/Squat More/Labeled_Dataset/videos/37265_1.mp4,,,,
36819_6,/Users/tarpanmishra/Desktop/Squat More/Labeled_Dataset/videos/36819_6.mp4,,,,
46939_1,/Users/tarpanmishra/Desktop/Squat More/Labeled_Dataset/videos/46939_1.mp4,,,,
36138_3,/Users/tarpanmishra/Desktop/Squat More/Labeled_Dataset/videos/36138_3.mp4,,,,
46101_3,/Users/tarpanmishra/Desktop/Squat More/Labeled_Dataset/videos/46101_3.mp4,,,,
33348_2,/Users/tarpanmishra/Desktop/Squat More/Labeled_Dataset/videos/33348_2.mp4,,,,
47535_3,/Users/tarpanmishra/Desktop/Squat More/Labeled_Dataset/videos/47535_3.mp4,,,,
46081_1,/Users/tarpanmishra/Desktop/Squat More/Labeled_Dataset/videos/46081_1.mp4,,,,
49945_1,/Users/tarpanmishra/Desktop/Squat More/Labeled_Dataset/videos/49945_1.mp4,,,,
48621_2,/Users/tarpanmishra/Desktop/Squat More/Labeled_Dataset/videos/48621_2.mp4,,,,
47224_2,/Users/tarpanmishra/Desktop/Squat More/Labeled_Dataset/videos/47224_2.mp4,,,,
47134_8,/Users/tarpanmishra/Desktop/Squat More/Labeled_Dataset/videos/47134_8.mp4,,,,
37840_1,/Users/tarpanmishra/Desktop/Squat More/Labeled_Dataset/videos/37840_1.mp4,,,,
50122_2,/Users/tarpanmishra/Desktop/Squat More/Labeled_Dataset/videos/50122_2.mp4,,,,
50758_1,/Users/tarpanmishra/Desktop/Squat More/Labeled_Dataset/videos/50758_1.mp4,,,,
36968_1,/Users/tarpanmishra/Desktop/Squat More/Labeled_Dataset/videos/36968_1.mp4,,,,
46839_1,/Users/tarpanmishra/Desktop/Squat More/Labeled_Dataset/videos/46839_1.mp4,,,,
33532_1,/Users/tarpanmishra/Desktop/Squat More/Labeled_Dataset/videos/33532_1.mp4,,,,
36497_2,/Users/tarpanmishra/Desktop/Squat More/Labeled_Dataset/videos/36497_2.mp4,,,,
47658_6,/Users/tarpanmishra/Desktop/Squat More/Labeled_Dataset/videos/47658_6.mp4,,,,
37741_1,/Users/tarpanmishra/Desktop/Squat More/Labeled_Dataset/videos/37741_1.mp4,,,,
33245_2,/Users/tarpanmishra/Desktop/Squat More/Labeled_Dataset/videos/33245_2.mp4,,,,
48001_1,/Users/tarpanmishra/Desktop/Squat More/Labeled_Dataset/videos/48001_1.mp4,,,,
37094_1,/Users/tarpanmishra/Desktop/Squat More/Labeled_Dataset/videos/37094_1.mp4,,,,
33561_3,/Users/tarpanmishra/Desktop/Squat More/Labeled_Dataset/videos/33561_3.mp4,,,,
48410_4,/Users/tarpanmishra/Desktop/Squat More/Labeled_Dataset/videos/48410_4.mp4,,,,
38060_7,/Users/tarpanmishra/Desktop/Squat More/Labeled_Dataset/videos/38060_7.mp4,,,,
50807_3,/Users/tarpanmishra/Desktop/Squat More/Labeled_Dataset/videos/50807_3.mp4,,,,
49646_5,/Users/tarpanmishra/Desktop/Squat More/Labeled_Dataset/videos/49646_5.mp4,,,,
37908_2,/Users/tarpanmishra/Desktop/Squat More/Labeled_Dataset/videos/37908_2.mp4,,,,
50835_1,/Users/tarpanmishra/Desktop/Squat More/Labeled_Dataset/videos/50835_1.mp4,,,,
49532_1,/Users/tarpanmishra/Desktop/Squat More/Labeled_Dataset/videos/49532_1.mp4,,,,
48263_10,/Users/tarpanmishra/Desktop/Squat More/Labeled_Dataset/videos/48263_10.mp4,,,,
33248_3,/Users/tarpanmishra/Desktop/Squat More/Labeled_Dataset/videos/33248_3.mp4,,,,
47942_2,/Users/tarpanmishra/Desktop/Squat More/Labeled_Dataset/videos/47942_2.mp4,,,,
33743_1,/Users/tarpanmishra/Desktop/Squat More/Labeled_Dataset/videos/33743_1.mp4,,,,
46923_2,/Users/tarpanmishra/Desktop/Squat More/Labeled_Dataset/videos/46923_2.mp4,,,,
37580_1,/Users/tarpanmishra/Desktop/Squat More/Labeled_Dataset/videos/37580_1.mp4,,,,
33937_8,/Users/tarpanmishra/Desktop/Squat More/Labeled_Dataset/videos/33937_8.mp4,,,,
46076_3,/Users/tarpanmishra/Desktop/Squat More/Labeled_Dataset/videos/46076_3.mp4,,,,
47117_1,/Users/tarpanmishra/Desktop/Squat More/Labeled_Dataset/videos/47117_1.mp4,,,,
33793_6,/Users/tarpanmishra/Desktop/Squat More/Labeled_Dataset/videos/33793_6.mp4,,,,
33924_4,/Users/tarpanmishra/Desktop/Squat More/Labeled_Dataset/videos/33924_4.mp4,,,,
50745_1,/Users/tarpanmishra/Desktop/Squat More/Labeled_Dataset/videos/50745_1.mp4,,,,
48110_2,/Users/tarpanmishra/Desktop/Squat More/Labeled_Dataset/videos/48110_2.mp4,,,,
33827_1,/Users/tarpanmishra/Desktop/Squat More/Labeled_Dataset/videos/33827_1.mp4,,,,
48375_3,/Users/tarpanmishra/Desktop/Squat More/Labeled_Dataset/videos/48375_3.mp4,,,,
37278_3,/Users/tarpanmishra/Desktop/Squat More/Labeled_Dataset/videos/37278_3.mp4,,,,
46571_3,/Users/tarpanmishra/Desktop/Squat More/Labeled_Dataset/videos/46571_3.mp4,,,,
46579_1,/Users/tarpanmishra/Desktop/Squat More/Labeled_Dataset/videos/46579_1.mp4,,,,
33594_1,/Users/tarpanmishra/Desktop/Squat More/Labeled_Dataset/videos/33594_1.mp4,,,,
36358_1,/Users/tarpanmishra/Desktop/Squat More/Labeled_Dataset/videos/36358_1.mp4,,,,
36672_1,/Users/tarpanmishra/Desktop/Squat More/Labeled_Dataset/videos/36672_1.mp4,,,,
37508_2,/Users/tarpanmishra/Desktop/Squat More/Labeled_Dataset/videos/37508_2.mp4,,,,
50002_2,/Users/tarpanmishra/Desktop/Squat More/Labeled_Dataset/videos/50002_2.mp4,,,,
33663_3,/Users/tarpanmishra/Desktop/Squat More/Labeled_Dataset/videos/33663_3.mp4,,,,
49980_1,/Users/tarpanmishra/Desktop/Squat More/Labeled_Dataset/videos/49980_1.mp4,,,,
36233_1,/Users/tarpanmishra/Desktop/Squat More/Labeled_Dataset/videos/36233_1.mp4,,,,
50041_3,/Users/tarpanmishra/Desktop/Squat More/Labeled_Dataset/videos/50041_3.mp4,,,,
36865_3,/Users/tarpanmishra/Desktop/Squat More/Labeled_Dataset/videos/36865_3.mp4,,,,
49478_1,/Users/tarpanmishra/Desktop/Squat More/Labeled_Dataset/videos/49478_1.mp4,,,,
48563_1,/Users/tarpanmishra/Desktop/Squat More/Labeled_Dataset/videos/48563_1.mp4,,,,
36667_1,/Users/tarpanmishra/Desktop/Squat More/Labeled_Dataset/videos/36667_1.mp4,,,,
49143_1,/Users/tarpanmishra/Desktop/Squat More/Labeled_Dataset/videos/49143_1.mp4,,,,
36269_1,/Users/tarpanmishra/Desktop/Squat More/Labeled_Dataset/videos/36269_1.mp4,,,,
37137_1,/Users/tarpanmishra/Desktop/Squat More/Labeled_Dataset/videos/37137_1.mp4,,,,
36911_2,/Users/tarpanmishra/Desktop/Squat More/Labeled_Dataset/videos/36911_2.mp4,,,,
38011_2,/Users/tarpanmishra/Desktop/Squat More/Labeled_Dataset/videos/38011_2.mp4,,,,
49586_3,/Users/tarpanmishra/Desktop/Squat More/Labeled_Dataset/videos/49586_3.mp4,,,,
48651_2,/Users/tarpanmishra/Desktop/Squat More/Labeled_Dataset/videos/48651_2.mp4,,,,
49006_2,/Users/tarpanmishra/Desktop/Squat More/Labeled_Dataset/videos/49006_2.mp4,,,,
49857_1,/Users/tarpanmishra/Desktop/Squat More/Labeled_Dataset/videos/49857_1.mp4,,,,
36292_2,/Users/tarpanmishra/Desktop/Squat More/Labeled_Dataset/videos/36292_2.mp4,,,,
50436_1,/Users/tarpanmishra/Desktop/Squat More/Labeled_Dataset/videos/50436_1.mp4,,,,
49599_1,/Users/tarpanmishra/Desktop/Squat More/Labeled_Dataset/videos/49599_1.mp4,,,,
47243_15,/Users/tarpanmishra/Desktop/Squat More/Labeled_Dataset/videos/47243_15.mp4,,,,
46850_1,/Users/tarpanmishra/Desktop/Squat More/Labeled_Dataset/videos/46850_1.mp4,,,,
49133_2,/Users/tarpanmishra/Desktop/Squat More/Labeled_Dataset/videos/49133_2.mp4,,,,
37135_3,/Users/tarpanmishra/Desktop/Squat More/Labeled_Dataset/videos/37135_3.mp4,,,,
47347_3,/Users/tarpanmishra/Desktop/Squat More/Labeled_Dataset/videos/47347_3.mp4,,,,
50856_1,/Users/tarpanmishra/Desktop/Squat More/Labeled_Dataset/videos/50856_1.mp4,,,,
50751_1,/Users/tarpanmishra/Desktop/Squat More/Labeled_Dataset/videos/50751_1.mp4,,,,
46651_5,/Users/tarpanmishra/Desktop/Squat More/Labeled_Dataset/videos/46651_5.mp4,,,,
49234_2,/Users/tarpanmishra/Desktop/Squat More/Labeled_Dataset/videos/49234_2.mp4,,,,
49126_3,/Users/tarpanmishra/Desktop/Squat More/Labeled_Dataset/videos/49126_3.mp4,,,,
37630_4,/Users/tarpanmishra/Desktop/Squat More/Labeled_Dataset/videos/37630_4.mp4,,,,
36021_1,/Users/tarpanmishra/Desktop/Squat More/Labeled_Dataset/videos/36021_1.mp4,,,,
37973_1,/Users/tarpanmishra/Desktop/Squat More/Labeled_Dataset/videos/37973_1.mp4,,,,
36709_1,/Users/tarpanmishra/Desktop/Squat More/Labeled_Dataset/videos/36709_1.mp4,,,,
33297_2,/Users/tarpanmishra/Desktop/Squat More/Labeled_Dataset/videos/33297_2.mp4,,,,
50866_1,/Users/tarpanmishra/Desktop/Squat More/Labeled_Dataset/videos/50866_1.mp4,,,,
46073_1,/Users/tarpanmishra/Desktop/Squat More/Labeled_Dataset/videos/46073_1.mp4,,,,
37665_1,/Users/tarpanmishra/Desktop/Squat More/Labeled_Dataset/videos/37665_1.mp4,,,,
33626_1,/Users/tarpanmishra/Desktop/Squat More/Labeled_Dataset/videos/33626_1.mp4,,,,
48816_4,/Users/tarpanmishra/Desktop/Squat More/Labeled_Dataset/videos/48816_4.mp4,,,,
47537_2,/Users/tarpanmishra/Desktop/Squat More/Labeled_Dataset/videos/47537_2.mp4,,,,
50862_1,/Users/tarpanmishra/Desktop/Squat More/Labeled_Dataset/videos/50862_1.mp4,,,,
46376_1,/Users/tarpanmishra/Desktop/Squat More/Labeled_Dataset/videos/46376_1.mp4,,,,
36963_1,/Users/tarpanmishra/Desktop/Squat More/Labeled_Dataset/videos/36963_1.mp4,,,,
37483_1,/Users/tarpanmishra/Desktop/Squat More/Labeled_Dataset/videos/37483_1.mp4,,,,
50796_3,/Users/tarpanmishra/Desktop/Squat More/Labeled_Dataset/videos/50796_3.mp4,,,,
32975_6,/Users/tarpanmishra/Desktop/Squat More/Labeled_Dataset/videos/32975_6.mp4,,,,
37238_1,/Users/tarpanmishra/Desktop/Squat More/Labeled_Dataset/videos/37238_1.mp4,,,,
37664_2,/Users/tarpanmishra/Desktop/Squat More/Labeled_Dataset/videos/37664_2.mp4,,,,
