video,content_hash,split,current_class,current_posture_bit,video_path
33035_4,949a7373b885ab1fc7ef547932b25ca4ac539c8629c67efab6ff6bd9b5b41363,test,good_form,0,/Users/tarpanmishra/Desktop/Squat More/Labeled_Dataset/videos/33035_4.mp4
33088_1,c0321296f144d6001e09322b83f4598ad78f671255546ad9254d4a7ba10b1bcc,test,depth_fault,1,/Users/tarpanmishra/Desktop/Squat More/Labeled_Dataset/videos/33088_1.mp4
33194_1,962b34fbdf115d7386f5e432494d50dca217b17976f8b3ebbf672c5ba42509eb,test,depth_fault,1,/Users/tarpanmishra/Desktop/Squat More/Labeled_Dataset/videos/33194_1.mp4
33229_2,9d851475f70e3e8ac837b2afcca2ba0e137473f8da53438be4699ed2ad4cc72c,test,posture_fault,1,/Users/tarpanmishra/Desktop/Squat More/Labeled_Dataset/videos/33229_2.mp4
33297_2,ac00a0f597e8ce0adce4504a53292a3941bc771af3caa38c8f222a45e329ea33,test,depth_fault,0,/Users/tarpanmishra/Desktop/Squat More/Labeled_Dataset/videos/33297_2.mp4
33316_1,cfd165fb325301102a3e33248a24e85717a0dd080dcf3480e6184fac6101e666,test,depth_fault,1,/Users/tarpanmishra/Desktop/Squat More/Labeled_Dataset/videos/33316_1.mp4
33322_3,58c7407e7274abc69b33e6929ceae7818b666da247b4d852bee7138773c29930,test,posture_fault,1,/Users/tarpanmishra/Desktop/Squat More/Labeled_Dataset/videos/33322_3.mp4
33348_2,a2999329c802d9c6a8e19cd638afc7bceb95ebe22506fd095f721e1b44e198bc,test,depth_fault,1,/Users/tarpanmishra/Desktop/Squat More/Labeled_Dataset/videos/33348_2.mp4
33387_1,46b3a1f172c6154637cd61d4c20da0da1cf790e9f0a97f770d9ea91c4a57b3a9,test,depth_fault,0,/Users/tarpanmishra/Desktop/Squat More/Labeled_Dataset/videos/33387_1.mp4
33454_1,8594bfee3653b86e981764a69d16cf5183dbf54587390eeb5434b33bb166cfa8,test,depth_fault,0,/Users/tarpanmishra/Desktop/Squat More/Labeled_Dataset/videos/33454_1.mp4
33483_2,c6b303a45f4dc574ec2dc316837cec7e35df466f833e73f4ad21dd4a41c716a9,test,depth_fault,0,/Users/tarpanmishra/Desktop/Squat More/Labeled_Dataset/videos/33483_2.mp4
33499_1,1614191e7573aae834865fcf269ddb05527e9bbc9e53a4cbc0804754b9324438,test,good_form,0,/Users/tarpanmishra/Desktop/Squat More/Labeled_Dataset/videos/33499_1.mp4
33503_2,a3f01cadcde2cddd6f70d560cfcdc726d436c930f23167ea8af7df53637b915e,test,posture_fault,1,/Users/tarpanmishra/Desktop/Squat More/Labeled_Dataset/videos/33503_2.mp4
33555_5,629991f385b272668ce4f4b54e4a64c6dbf6b96e01b44a33fa235d371f9403be,test,depth_fault,1,/Users/tarpanmishra/Desktop/Squat More/Labeled_Dataset/videos/33555_5.mp4
33626_1,7782ec441494ab6e397bb8e6c8ea0a8acd4423557761d4b3ec3f58a2b8ea3e95,test,depth_fault,1,/Users/tarpanmishra/Desktop/Squat More/Labeled_Dataset/videos/33626_1.mp4
33630_2,0b89512fc84df6e6a9d32986dae773a0d2f7c4a5bfd18b0097b0ea84690866da,test,depth_fault,1,/Users/tarpanmishra/Desktop/Squat More/Labeled_Dataset/videos/33630_2.mp4
33634_10,bb038ea4d2eabb909ea764ea82a512513e1622319efd9bb04d6c448f7f45fbf7,test,good_form,0,/Users/tarpanmishra/Desktop/Squat More/Labeled_Dataset/videos/33634_10.mp4
33663_3,3c792702fcc7e523cde7e1f98b191ca00cddbfe04917c5498e4fbcf6f031f4af,test,depth_fault,1,/Users/tarpanmishra/Desktop/Squat More/Labeled_Dataset/videos/33663_3.mp4
33725_2,501260af19a23fa8a7be202c44669260079e3eb0a3c3cd68bf8ff4e3741c7a09,test,depth_fault,1,/Users/tarpanmishra/Desktop/Squat More/Labeled_Dataset/videos/33725_2.mp4
33743_1,d58dbcc5d7a9f1d5fae975c0283a03ad2499f58718904e7aa6bd59379e1392fa,test,depth_fault,0,/Users/tarpanmishra/Desktop/Squat More/Labeled_Dataset/videos/33743_1.mp4
33758_1,5044e70fdbdb9dbf059d636c7fe6df89be34c613cb306d15275194838624001d,test,posture_fault,1,/Users/tarpanmishra/Desktop/Squat More/Labeled_Dataset/videos/33758_1.mp4
33775_3,24293db6d3383834ce5387f941258112e7ab74a3da69df91aae0e061fa129f98,test,depth_fault,1,/Users/tarpanmishra/Desktop/Squat More/Labeled_Dataset/videos/33775_3.mp4
33793_6,7641cae2e3b78e14ee94885da817418841dbe43394ef834e20f11a8a3558d21f,test,good_form,0,/Users/tarpanmishra/Desktop/Squat More/Labeled_Dataset/videos/33793_6.mp4
33838_3,a2c2aa57bff05e2f5101ab3cebf91c30508d795fc90a2747e5e682e4d877d820,test,posture_fault,1,/Users/tarpanmishra/Desktop/Squat More/Labeled_Dataset/videos/33838_3.mp4
33850_1,6b67f612d678f4f4dbb4c8fe84c364bb2b081b4afe47eb76fdd034384a1caf50,test,depth_fault,1,/Users/tarpanmishra/Desktop/Squat More/Labeled_Dataset/videos/33850_1.mp4
33924_4,949a7373b885ab1fc7ef547932b25ca4ac539c8629c67efab6ff6bd9b5b41363,test,good_form,0,/Users/tarpanmishra/Desktop/Squat More/Labeled_Dataset/videos/33924_4.mp4
33966_2,04220e02274a492bc7336c82758ec74d0dc829cc2ddf90526909c724641ffeec,test,good_form,0,/Users/tarpanmishra/Desktop/Squat More/Labeled_Dataset/videos/33966_2.mp4
36035_2,90696934ac7c6d6a7a6ed9829830a33e53c1a665cdc07302af324e2943c44c1b,test,depth_fault,1,/Users/tarpanmishra/Desktop/Squat More/Labeled_Dataset/videos/36035_2.mp4
36046_4,9fb6e1e3c11ee9fafc2d247a3e1a4fdaeee1ab1b4cce414a1b7a60ce06c46819,test,depth_fault,1,/Users/tarpanmishra/Desktop/Squat More/Labeled_Dataset/videos/36046_4.mp4
36081_3,542e7229c37ad61c74bda107cd68001cc27af54e1c8daa9017d76166dcd22535,test,depth_fault,0,/Users/tarpanmishra/Desktop/Squat More/Labeled_Dataset/videos/36081_3.mp4
36107_1,8b4adf4e08a3a0c9b6cc8787574f0182f6525978d255f6e3b8e3b3f2f1b1b9dc,test,depth_fault,1,/Users/tarpanmishra/Desktop/Squat More/Labeled_Dataset/videos/36107_1.mp4
36133_2,223e30d60f4a177de9b9817c9f6ab0d2818a84b9e91e39d07b8b42a3213346b2,test,depth_fault,1,/Users/tarpanmishra/Desktop/Squat More/Labeled_Dataset/videos/36133_2.mp4
36221_1,8b14187b9f16eea282bdd05da94bd955be92680e9cf6a6c426a157a7dccec4c2,test,good_form,0,/Users/tarpanmishra/Desktop/Squat More/Labeled_Dataset/videos/36221_1.mp4
36238_5,c3d6dbff347ff09ae76820001b45c3623b2b888c93bb62c6f16de7a7753ed044,test,depth_fault,1,/Users/tarpanmishra/Desktop/Squat More/Labeled_Dataset/videos/36238_5.mp4
36254_3,2765cca211a1629e916268453f4764f7140d703eaf6900e35d573271178e94e6,test,depth_fault,0,/Users/tarpanmishra/Desktop/Squat More/Labeled_Dataset/videos/36254_3.mp4
36269_1,93ac2ec01e1ebc0ccf951477936c819e808267a2a1aabac0d8d2c8576068e81a,test,depth_fault,1,/Users/tarpanmishra/Desktop/Squat More/Labeled_Dataset/videos/36269_1.mp4
36275_2,0cb750768c21247993bd81ca8ab28ef77610b0bfa915966fc0d29948cda4b569,test,depth_fault,0,/Users/tarpanmishra/Desktop/Squat More/Labeled_Dataset/videos/36275_2.mp4
36292_2,2cceee21274466e022b07530089003e288b4f7f88afb376afd0f86724a47ab5b,test,depth_fault,1,/Users/tarpanmishra/Desktop/Squat More/Labeled_Dataset/videos/36292_2.mp4
36309_3,f96b55aefd0154e933aba1ba3825312bc117a8f1208c8660dd7660773d2e9324,test,depth_fault,1,/Users/tarpanmishra/Desktop/Squat More/Labeled_Dataset/videos/36309_3.mp4
36389_4,33f601cfeae35e23f3e83e740fc1685bc023ee2872e0e9d9dbb769f856082b3f,test,depth_fault,1,/Users/tarpanmishra/Desktop/Squat More/Labeled_Dataset/videos/36389_4.mp4
36408_2,fc74a45685397658316e8dc600c9eb1bd66bf1072423d88951d241bbafe89939,test,depth_fault,1,/Users/tarpanmishra/Desktop/Squat More/Labeled_Dataset/videos/36408_2.mp4
36478_7,b4ef247233486f601c3807528f78e89af1b5488f96a3f2e23ad4073932e13f9a,test,depth_fault,1,/Users/tarpanmishra/Desktop/Squat More/Labeled_Dataset/videos/36478_7.mp4
36544_1,fea829f3f068c0720663b70e6edc622ca03e3a52d4e1d15565330fd121cf6727,test,depth_fault,1,/Users/tarpanmishra/Desktop/Squat More/Labeled_Dataset/videos/36544_1.mp4
36563_2,c401467963f3f3a212fa86f956bd9d64bee2e27f9be999c0edc8f0d96e5c1fff,test,good_form,0,/Users/tarpanmishra/Desktop/Squat More/Labeled_Dataset/videos/36563_2.mp4
36585_1,0f5ffe7d01cb01f0f8d2e5ef9ea0644f7bff38a6bf8bbd3dbde0e70aab2791ab,test,depth_fault,1,/Users/tarpanmishra/Desktop/Squat More/Labeled_Dataset/videos/36585_1.mp4
36586_1,9b5459156841f4e4f911b85856bdeb3e58b921685b983b8d1cde8952a9a3bfdc,test,depth_fault,1,/Users/tarpanmishra/Desktop/Squat More/Labeled_Dataset/videos/36586_1.mp4
36599_2,03ca043ea8aae57a879fb727ac1199669a83adb31e14e8b8f83ce0f2c02aab85,test,depth_fault,1,/Users/tarpanmishra/Desktop/Squat More/Labeled_Dataset/videos/36599_2.mp4
36654_1,f905572f288cca45871c32b5daeb5e4bec61dd7737badb7a8a94bb51b83e0c0c,test,posture_fault,1,/Users/tarpanmishra/Desktop/Squat More/Labeled_Dataset/videos/36654_1.mp4
36667_1,fafcd384453a2d2d4a5a70c9a9f8f5903a293285f20e8496c92bd38ee8fad3bb,test,depth_fault,0,/Users/tarpanmishra/Desktop/Squat More/Labeled_Dataset/videos/36667_1.mp4
36672_1,fa98d85496adc82ba42dc6d0fc0d551a38eae952bff19196297bf9bd9accd060,test,depth_fault,0,/Users/tarpanmishra/Desktop/Squat More/Labeled_Dataset/videos/36672_1.mp4
36679_5,e7d49c6e6565182ce5c4b51aaa74a3a8fb23bc5d010210fd1ac2c1e00cfdaa5f,test,depth_fault,0,/Users/tarpanmishra/Desktop/Squat More/Labeled_Dataset/videos/36679_5.mp4
36709_1,3afbedc5798556a5c56e2f8e01bb733a0aaf56105dbe49681ff21f4c621fd4ed,test,depth_fault,1,/Users/tarpanmishra/Desktop/Squat More/Labeled_Dataset/videos/36709_1.mp4
36732_3,950946f037d8dcf0e1a703bea09e5f3cc49d535d7e38fc2dabbe1bdd1a0b8d56,test,depth_fault,1,/Users/tarpanmishra/Desktop/Squat More/Labeled_Dataset/videos/36732_3.mp4
36746_1,dc8a3ff40e1c606a484c2cd9b0fbd32f427eb23ff8cbddcc80771926ad389ec8,test,depth_fault,1,/Users/tarpanmishra/Desktop/Squat More/Labeled_Dataset/videos/36746_1.mp4
36748_2,cfb86e3288a1d654ccfc640214aee52968c0439c4e0eb60db0c3a00e83035587,test,depth_fault,1,/Users/tarpanmishra/Desktop/Squat More/Labeled_Dataset/videos/36748_2.mp4
36865_3,d6138e90f6cda9bb3a78bfd3878f6958c8a3e2921624d6e3ee1bba778e416b14,test,depth_fault,1,/Users/tarpanmishra/Desktop/Squat More/Labeled_Dataset/videos/36865_3.mp4
36897_1,257eacf334123f0a929786c1f8826becfe23ba41a967cc366de996078940e700,test,depth_fault,0,/Users/tarpanmishra/Desktop/Squat More/Labeled_Dataset/videos/36897_1.mp4
36911_2,bb797f71e2f38e12e7837105a2a821d63d8618d3b9660450a890528825d6f1ee,test,depth_fault,0,/Users/tarpanmishra/Desktop/Squat More/Labeled_Dataset/videos/36911_2.mp4
36954_2,7941e31b13efb6f9ff11ca7f5694c578ae384327b176a036f57e986938499acb,test,depth_fault,1,/Users/tarpanmishra/Desktop/Squat More/Labeled_Dataset/videos/36954_2.mp4
36963_1,ec3fc661da2313334f2d5ef64c65c3b8b025589039db911345984f9a51af5c02,test,depth_fault,0,/Users/tarpanmishra/Desktop/Squat More/Labeled_Dataset/videos/36963_1.mp4
36975_1,d341de9697077f343d9b6d3f6c55abbc1c74487cd26a205b1b7b92b0d0594041,test,posture_fault,1,/Users/tarpanmishra/Desktop/Squat More/Labeled_Dataset/videos/36975_1.mp4
36991_2,cf45abb870a4061b4767a0cb1c2e22c31077419475255a0111695c8a85c78baa,test,depth_fault,1,/Users/tarpanmishra/Desktop/Squat More/Labeled_Dataset/videos/36991_2.mp4
37050_1,8b14187b9f16eea282bdd05da94bd955be92680e9cf6a6c426a157a7dccec4c2,test,good_form,0,/Users/tarpanmishra/Desktop/Squat More/Labeled_Dataset/videos/37050_1.mp4
37067_1,01529763a227cc331ae405cdbf7478d0aef65e621722ae345a40f770618d2da5,test,posture_fault,1,/Users/tarpanmishra/Desktop/Squat More/Labeled_Dataset/videos/37067_1.mp4
37108_11,709007998d6357e773c437694e56f29ef9e9861e157a6d614eb603ab45d72684,test,depth_fault,1,/Users/tarpanmishra/Desktop/Squat More/Labeled_Dataset/videos/37108_11.mp4
37214_1,324384d0b7af8209f2c2c1a1ff1510cfa37279190da3b86476816e6c0a528d0e,test,depth_fault,1,/Users/tarpanmishra/Desktop/Squat More/Labeled_Dataset/videos/37214_1.mp4
37278_3,54a455ff0a76e084ffaa12ade9c33722534d903b611501582bd20335ec33f092,test,depth_fault,0,/Users/tarpanmishra/Desktop/Squat More/Labeled_Dataset/videos/37278_3.mp4
37337_1,c362d5f730ff6438c6e6627e4ccdc402c11c03da285e8d4a8a9a10b91663d007,test,depth_fault,1,/Users/tarpanmishra/Desktop/Squat More/Labeled_Dataset/videos/37337_1.mp4
37376_2,246c5879b3942c1c5b7c15d71a6b6a5c9b24f1932d4bcf7e8e179dce8d40f8d7,test,depth_fault,0,/Users/tarpanmishra/Desktop/Squat More/Labeled_Dataset/videos/37376_2.mp4
37400_2,0578a94f8cf241607502693e2ef3e4af6dc58cc8eb331ff724a8d29a0b8ce6a7,test,depth_fault,0,/Users/tarpanmishra/Desktop/Squat More/Labeled_Dataset/videos/37400_2.mp4
37413_6,3815bc457b341eb8032d73cfa14719b8335d51a0c0a4f23eafa483eac17ef448,test,depth_fault,0,/Users/tarpanmishra/Desktop/Squat More/Labeled_Dataset/videos/37413_6.mp4
37587_4,64e8bf3552b15fac38e9112c7efd5d9648626a9e692adb3dd6164a0f38a3b652,test,depth_fault,1,/Users/tarpanmishra/Desktop/Squat More/Labeled_Dataset/videos/37587_4.mp4
37596_1,6fcb3941fcda9cdb57cf81ddb60f409c7c2cd30723b511089f9545ddbdc5ef23,test,posture_fault,1,/Users/tarpanmishra/Desktop/Squat More/Labeled_Dataset/videos/37596_1.mp4
37603_1,c4f78c83316332039e5600c587f5aa91387024d7ddd421282e266e0a242271a1,test,depth_fault,1,/Users/tarpanmishra/Desktop/Squat More/Labeled_Dataset/videos/37603_1.mp4
37663_5,211a90ae4138a713d08432d07af8fa52f06e8a2f708af487589da905de912c29,test,depth_fault,0,/Users/tarpanmishra/Desktop/Squat More/Labeled_Dataset/videos/37663_5.mp4
37701_14,17b7ba51be8d91af211346b7e8d3bf3ce67b56f8e55346e1bf8428048656ba43,test,good_form,0,/Users/tarpanmishra/Desktop/Squat More/Labeled_Dataset/videos/37701_14.mp4
37723_2,191add52c6cd357295c0d858e30194833d9e79d2f8bfa9ef73533135255e91fb,test,posture_fault,1,/Users/tarpanmishra/Desktop/Squat More/Labeled_Dataset/videos/37723_2.mp4
37741_1,31795798e809e5ed7d82ad9c782e614b6bf68225fa71cec46f2ef67493f51d93,test,depth_fault,1,/Users/tarpanmishra/Desktop/Squat More/Labeled_Dataset/videos/37741_1.mp4
37812_2,f6ef2e6c5bc0b33906537642500d2878d9afbb58305ba75392198b01d7c092d6,test,good_form,0,/Users/tarpanmishra/Desktop/Squat More/Labeled_Dataset/videos/37812_2.mp4
37936_1,8396b3a359292040170075eb1eeb668b39612fab7766e258ec074a88e7c57616,test,depth_fault,1,/Users/tarpanmishra/Desktop/Squat More/Labeled_Dataset/videos/37936_1.mp4
37973_1,b2a29cfc7a2a6629a2ad5c1253ee8ae943ab9d9fa9472400e32925afda2b0ca0,test,depth_fault,1,/Users/tarpanmishra/Desktop/Squat More/Labeled_Dataset/videos/37973_1.mp4
38011_2,ef1aa112f7106202ff0c4b2ebc137fd96c2c4cde9a87d9dd46863f6907cb36c7,test,depth_fault,1,/Users/tarpanmishra/Desktop/Squat More/Labeled_Dataset/videos/38011_2.mp4
38109_14,17b7ba51be8d91af211346b7e8d3bf3ce67b56f8e55346e1bf8428048656ba43,test,good_form,0,/Users/tarpanmishra/Desktop/Squat More/Labeled_Dataset/videos/38109_14.mp4
45959_1,cc26ae9a0218036c8c01ec67d4426a11330256ef645af748e3390e47c298ebac,test,posture_fault,1,/Users/tarpanmishra/Desktop/Squat More/Labeled_Dataset/videos/45959_1.mp4
46029_1,a32c88bc9d6ad47583da026989f899fde5d8a18ab680f9b67ff4eb63dff8f307,test,posture_fault,1,/Users/tarpanmishra/Desktop/Squat More/Labeled_Dataset/videos/46029_1.mp4
46183_3,64254e5ba36c4c48d6f1ca510e9dcd33ba3e19ca24335856b403e46f0266233b,test,good_form,0,/Users/tarpanmishra/Desktop/Squat More/Labeled_Dataset/videos/46183_3.mp4
46187_1,db8ba37addd21c30af9485a304e1ca4aa826c4bc71a300e5eea363effc13993b,test,posture_fault,1,/Users/tarpanmishra/Desktop/Squat More/Labeled_Dataset/videos/46187_1.mp4
46213_1,995d2daac2f93a2bf793fe99c161e74539b1f40c9186e95c2f2983387c8b9ef4,test,good_form,0,/Users/tarpanmishra/Desktop/Squat More/Labeled_Dataset/videos/46213_1.mp4
46239_5,f9dcc75323ec4e503fce617b033a48f2635b979ade28e437b08d63c33e23e378,test,posture_fault,1,/Users/tarpanmishra/Desktop/Squat More/Labeled_Dataset/videos/46239_5.mp4
46312_2,07a693eaac43b4fc23b3c171062de6dd325dde3493d8e3efeda4a85c4fd6582e,test,posture_fault,1,/Users/tarpanmishra/Desktop/Squat More/Labeled_Dataset/videos/46312_2.mp4
46376_1,a396bf9670d07a8c01831006624d9afdd8d3f5ccdf0449c691d34a67d16b2df7,test,posture_fault,1,/Users/tarpanmishra/Desktop/Squat More/Labeled_Dataset/videos/46376_1.mp4
46424_5,85b9a3c0ac079bfa2f12318468534bcb4d772898a78b46e877f8042150ed8e9e,test,posture_fault,1,/Users/tarpanmishra/Desktop/Squat More/Labeled_Dataset/videos/46424_5.mp4
46465_3,c91d3b99e2afb6aea9da9b5a1487ae346dde2a1591a0efcbb1c7e9f181349aa5,test,posture_fault,1,/Users/tarpanmishra/Desktop/Squat More/Labeled_Dataset/videos/46465_3.mp4
46466_3,534ddfdc1da0b9263965c2c7c1f73d5c2fa4408f2c959e6004dddf77c53c8305,test,posture_fault,1,/Users/tarpanmishra/Desktop/Squat More/Labeled_Dataset/videos/46466_3.mp4
46530_1,49f92210c1f9665ea448fa853ea79346050fc99e160b15aad9bcde625934ee6f,test,posture_fault,1,/Users/tarpanmishra/Desktop/Squat More/Labeled_Dataset/videos/46530_1.mp4
46546_4,e89973296e2122fcbe0d75a6ac4d4130fce7ab7e61154da2f27c93c3e06eea74,test,posture_fault,1,/Users/tarpanmishra/Desktop/Squat More/Labeled_Dataset/videos/46546_4.mp4
46571_3,124b223fe6f2dc8154aa6d50c040420f9fdd56a7ae25759117ccdc5489434602,test,posture_fault,1,/Users/tarpanmishra/Desktop/Squat More/Labeled_Dataset/videos/46571_3.mp4
46579_1,54bc8d54f2dfaea23c76a2da40a4e6b510a798773c3e84813bc4cb9750f6faf8,test,posture_fault,1,/Users/tarpanmishra/Desktop/Squat More/Labeled_Dataset/videos/46579_1.mp4
46616_20,68d303c394528f3423f67537d9eb3ad9cbcdb520f13dba8d80af2dd6f85eaf99,test,posture_fault,1,/Users/tarpanmishra/Desktop/Squat More/Labeled_Dataset/videos/46616_20.mp4
46648_1,9828e61ab007d8c2276d8cf742f2fa6abb32baa7e4aed333e78a80c895740884,test,posture_fault,1,/Users/tarpanmishra/Desktop/Squat More/Labeled_Dataset/videos/46648_1.mp4
46820_1,751564f5036730f583cb04e19924523050ef0740c33e9e0269f472f24c1ebc8d,test,good_form,0,/Users/tarpanmishra/Desktop/Squat More/Labeled_Dataset/videos/46820_1.mp4
46881_1,270976b017d7d15392597ab1c8b9d8b9ef31b4af052867dd3559d12ceb680698,test,good_form,0,/Users/tarpanmishra/Desktop/Squat More/Labeled_Dataset/videos/46881_1.mp4
46896_3,a72cf78ac8050ad1b10e40a5141da575d4b0d22edd223b78f968bb00a03015dc,test,good_form,0,/Users/tarpanmishra/Desktop/Squat More/Labeled_Dataset/videos/46896_3.mp4
46921_1,fe153f4ba1b3d748c2867233f69aa7929a2572858f0259db804cd1851a225e88,test,posture_fault,1,/Users/tarpanmishra/Desktop/Squat More/Labeled_Dataset/videos/46921_1.mp4
47128_1,ad791990981d894c5a445838b6e509c63558d3de22f8f335721b89d1aabaf803,test,posture_fault,1,/Users/tarpanmishra/Desktop/Squat More/Labeled_Dataset/videos/47128_1.mp4
47205_2,3be3bcf4057cc55c8125ac2b339e82049b7ecae7cdf3d5bf685e15a21d2b4a24,test,posture_fault,1,/Users/tarpanmishra/Desktop/Squat More/Labeled_Dataset/videos/47205_2.mp4
47223_1,aa35f9a5194e6eab48131323aff3d19b5c32f74b685e7f49cd94a204591402f6,test,posture_fault,1,/Users/tarpanmishra/Desktop/Squat More/Labeled_Dataset/videos/47223_1.mp4
47288_2,1913ce32aa79e69c9c69616e9f9182e3878f6b97776eb3d7914f421099c6eb49,test,posture_fault,1,/Users/tarpanmishra/Desktop/Squat More/Labeled_Dataset/videos/47288_2.mp4
47305_1,92362f1b6fd8c252f37bb0b9570682ae471a68e7470400e8f3f673d3c6cf5fb3,test,posture_fault,1,/Users/tarpanmishra/Desktop/Squat More/Labeled_Dataset/videos/47305_1.mp4
47320_6,153461d6d1388be0edbed0a538c3a99032e70e29324c8d8b31e255958263001e,test,posture_fault,1,/Users/tarpanmishra/Desktop/Squat More/Labeled_Dataset/videos/47320_6.mp4
47459_1,931068a9cf964c1278d09d7bc8cdff59e526bd85671c0b59d4c0764e861a5b13,test,good_form,0,/Users/tarpanmishra/Desktop/Squat More/Labeled_Dataset/videos/47459_1.mp4
47487_2,2669bff2c9593f4b8e73720c9c436d29c3ba9cde6ba5900940f2d5a33ac8857f,test,posture_fault,1,/Users/tarpanmishra/Desktop/Squat More/Labeled_Dataset/videos/47487_2.mp4
47523_1,f80d9358d4cfc5bdf71a08755e4c1567d53834e8d90443da3cf1663a3f03377c,test,posture_fault,1,/Users/tarpanmishra/Desktop/Squat More/Labeled_Dataset/videos/47523_1.mp4
47534_1,cf0f13fbe3adb1e797816d0cafaea3b479adece7f4ace213fc150c5f3de2617c,test,posture_fault,1,/Users/tarpanmishra/Desktop/Squat More/Labeled_Dataset/videos/47534_1.mp4
47535_3,5d989e82a3d1eca874f3f9bd0a717422b6ff8d535bb17c0dcd3c36f1f128ce74,test,good_form,0,/Users/tarpanmishra/Desktop/Squat More/Labeled_Dataset/videos/47535_3.mp4
47537_2,6e15598816f19bb9977a84ffd5e6052c6ef1aa3317aa80a119a3e8976c88f135,test,posture_fault,1,/Users/tarpanmishra/Desktop/Squat More/Labeled_Dataset/videos/47537_2.mp4
47565_1,737f6b8cde4fd049d897188f0268c97e9a64dcaaae7f0b2852cd965b76a7fb64,test,good_form,0,/Users/tarpanmishra/Desktop/Squat More/Labeled_Dataset/videos/47565_1.mp4
47589_2,4f7017fb17d42739dbe0394dc82524cf8f9a62492e0af61ad5e9d1eac9b278ff,test,posture_fault,1,/Users/tarpanmishra/Desktop/Squat More/Labeled_Dataset/videos/47589_2.mp4
47645_5,608c12e91f6d4b4906910a740351ce9f9589814ec483b69246cb905120cb12ab,test,good_form,0,/Users/tarpanmishra/Desktop/Squat More/Labeled_Dataset/videos/47645_5.mp4
47658_6,baa55692ecbc8f40405618ae175d6dfdd3a14f525f50c6d4c3ffd2864bd23798,test,posture_fault,1,/Users/tarpanmishra/Desktop/Squat More/Labeled_Dataset/videos/47658_6.mp4
47719_1,2caa7931f08df21c0663fd4cf100b8a38539eeb390dac69494dcea5c2ebdb6ad,test,posture_fault,1,/Users/tarpanmishra/Desktop/Squat More/Labeled_Dataset/videos/47719_1.mp4
47750_4,304ed881c6a6862ec6f4e26625d8a3fef9434c1c776904bc3fe704bcece98837,test,good_form,0,/Users/tarpanmishra/Desktop/Squat More/Labeled_Dataset/videos/47750_4.mp4
47808_1,89c8a2038e052cd00433f071e682ea24ea9911f73038fe4829a3cf058b1074a3,test,posture_fault,1,/Users/tarpanmishra/Desktop/Squat More/Labeled_Dataset/videos/47808_1.mp4
47861_2,09b225fa344c15c761bf1a805330d4ef6a89bbab3238658e3b2ece77528dd0e1,test,good_form,0,/Users/tarpanmishra/Desktop/Squat More/Labeled_Dataset/videos/47861_2.mp4
47910_3,7a9c7985f59592a0b59c85f8eab0fdfb8e3d5a558ae7aa03c5715737c68db5dd,test,posture_fault,1,/Users/tarpanmishra/Desktop/Squat More/Labeled_Dataset/videos/47910_3.mp4
48101_8,06a998dc4a69d1093b26d7a75507b480e9a5b127745297983909ae0c2f36d512,test,good_form,0,/Users/tarpanmishra/Desktop/Squat More/Labeled_Dataset/videos/48101_8.mp4
48110_2,56c460324f21f126f1e2c0c73d3c6704dce4a82b85914c04472a59035467ede8,test,good_form,0,/Users/tarpanmishra/Desktop/Squat More/Labeled_Dataset/videos/48110_2.mp4
48143_1,8cf6a8b23b423df0de19e2bd54b210e65d2b117f7e28cdf5a74d44908e6e0c4e,test,good_form,0,/Users/tarpanmishra/Desktop/Squat More/Labeled_Dataset/videos/48143_1.mp4
48179_2,a455bc0435029f3e1418b47e729355ab76fbf7f6357dfd78d536fd0bc7a7a140,test,posture_fault,1,/Users/tarpanmishra/Desktop/Squat More/Labeled_Dataset/videos/48179_2.mp4
48238_3,c209a3f13f40fc692076c79a24f9434fbd42938510639ab21f13bf43df345a9a,test,good_form,0,/Users/tarpanmishra/Desktop/Squat More/Labeled_Dataset/videos/48238_3.mp4
48281_2,df06a365736d8fa35317ea427fadeff17dbd34781aa96858fb07e359a52543fc,test,posture_fault,1,/Users/tarpanmishra/Desktop/Squat More/Labeled_Dataset/videos/48281_2.mp4
48323_3,629fcf77c48dfb9cf53694dd57a78d6117286608b98b5c1b15effcca3f9aa2d6,test,posture_fault,1,/Users/tarpanmishra/Desktop/Squat More/Labeled_Dataset/videos/48323_3.mp4
48375_3,a382dcd0a9e46c5b2e0d8ec222ec818ae43cad86132ad773385439b65286f1d6,test,posture_fault,1,/Users/tarpanmishra/Desktop/Squat More/Labeled_Dataset/videos/48375_3.mp4
48394_1,50df1aa9eb44b726b46beead778811e6702568d17224ea72c46a0ba855ace01a,test,good_form,0,/Users/tarpanmishra/Desktop/Squat More/Labeled_Dataset/videos/48394_1.mp4
48445_1,577b7e73edf583c305804f3b2871727dbe71aa2d656c249a67edc9119bfd9ac9,test,posture_fault,1,/Users/tarpanmishra/Desktop/Squat More/Labeled_Dataset/videos/48445_1.mp4
48451_1,f5e51205aa249bdccef79a5493b8258f821e965c1bb4d443874cbd067bfdd2ea,test,posture_fault,1,/Users/tarpanmishra/Desktop/Squat More/Labeled_Dataset/videos/48451_1.mp4
48504_1,209e63ad1ee442695cc538fb4ffef3a8a48df11e98a8d5811fc40fc5806331ee,test,posture_fault,1,/Users/tarpanmishra/Desktop/Squat More/Labeled_Dataset/videos/48504_1.mp4
48549_6,bee6a257c3b553e31b7741ef1c5453a1c792ab8c7bacb8dfb22e296c2f5cd807,test,good_form,0,/Users/tarpanmishra/Desktop/Squat More/Labeled_Dataset/videos/48549_6.mp4
48563_1,00b696c1cd86a5855932264405e27941a5f4e32673cf22bdccfba3bfe844c1e2,test,posture_fault,1,/Users/tarpanmishra/Desktop/Squat More/Labeled_Dataset/videos/48563_1.mp4
48575_1,0a9bf86ae6c3d18c35160756a8d703b4d963c7286153b020197f8e79a7e451c4,test,good_form,0,/Users/tarpanmishra/Desktop/Squat More/Labeled_Dataset/videos/48575_1.mp4
48608_10,5267108cc1b1140add35a0fdd2804ca4ac7e751e9f01daf70cec8d78303b7471,test,good_form,0,/Users/tarpanmishra/Desktop/Squat More/Labeled_Dataset/videos/48608_10.mp4
48618_1,c97bb8715a6467e6d9ed876a5c8d892a70115cb97399b220bc99f28537944dc5,test,posture_fault,1,/Users/tarpanmishra/Desktop/Squat More/Labeled_Dataset/videos/48618_1.mp4
48621_2,1dd61a237dfc1018e39b69e8f6637358ad95088bfd2d7cecb0ce847eeec47806,test,posture_fault,1,/Users/tarpanmishra/Desktop/Squat More/Labeled_Dataset/videos/48621_2.mp4
48638_2,c7b8678a29dd6972f994beb9c3c45ffaf6c17821eb7e2f0d5e30a54aece718d0,test,posture_fault,1,/Users/tarpanmishra/Desktop/Squat More/Labeled_Dataset/videos/48638_2.mp4
48651_2,6147c3fa96f0d8cd5ccd6da600409bb8042c513218014157376d17fa2f7c5726,test,posture_fault,1,/Users/tarpanmishra/Desktop/Squat More/Labeled_Dataset/videos/48651_2.mp4
48652_3,c3ef8a2f25af62418d810f0e804c3b3d7e83a36f5e75e191e34bc5c7ac65ef57,test,posture_fault,1,/Users/tarpanmishra/Desktop/Squat More/Labeled_Dataset/videos/48652_3.mp4
48720_1,298b03c2e0e627b64d58a2e94538229de84f94e4b88c2b224113cf72a33f6dc7,test,posture_fault,1,/Users/tarpanmishra/Desktop/Squat More/Labeled_Dataset/videos/48720_1.mp4
48727_8,97fc185789d424db708adb2c91428017629f2ca9f0f2169390b038180ee64b70,test,posture_fault,1,/Users/tarpanmishra/Desktop/Squat More/Labeled_Dataset/videos/48727_8.mp4
48816_4,d46129688ec378a44205dea28b3230f9f956f8137baa2a1089da4cf442ab57de,test,posture_fault,1,/Users/tarpanmishra/Desktop/Squat More/Labeled_Dataset/videos/48816_4.mp4
49000_8,e304607c9e72bb6746f5ce62d9f31576ed9b56d65fa8042d562e3dd06982bc3f,test,posture_fault,1,/Users/tarpanmishra/Desktop/Squat More/Labeled_Dataset/videos/49000_8.mp4
49125_1,ca6fecd012833c561fff439fe15d4985839f3a2a34574bd9321993d1904fe60d,test,posture_fault,1,/Users/tarpanmishra/Desktop/Squat More/Labeled_Dataset/videos/49125_1.mp4
49165_2,b7ae296c8df90d06cc70d9cc671fc2b2f9578c185ecc37bd3efd1465b0dfd8fb,test,good_form,0,/Users/tarpanmishra/Desktop/Squat More/Labeled_Dataset/videos/49165_2.mp4
49191_4,a9a38b741d886c35e735ef90ed7a5f5b6a3d3e5d81a8f47a22ca3d887d4ceeaf,test,posture_fault,1,/Users/tarpanmishra/Desktop/Squat More/Labeled_Dataset/videos/49191_4.mp4
49197_1,220aae051d0160040748677fbb92bd533d3c7e24ad3549004be42059ee6d44f4,test,good_form,0,/Users/tarpanmishra/Desktop/Squat More/Labeled_Dataset/videos/49197_1.mp4
49204_2,ab0bcc83a91f3a0becf8670e90edfbeb979866a8b793c6feae3d7d92a3f5172c,test,good_form,0,/Users/tarpanmishra/Desktop/Squat More/Labeled_Dataset/videos/49204_2.mp4
49234_2,a66f9e66f22d433f064ceb038c670c29f01c9c275386e267c201191664bc76c8,test,good_form,0,/Users/tarpanmishra/Desktop/Squat More/Labeled_Dataset/videos/49234_2.mp4
49295_2,ed773ee3735012224a4d352de5c16322f27d6369560ddbef637e2f524a474453,test,good_form,0,/Users/tarpanmishra/Desktop/Squat More/Labeled_Dataset/videos/49295_2.mp4
49351_1,50ffc17b419f7d8e4b21f222fa048d2ae629c3edc25354578316c5e32bd34a3c,test,good_form,0,/Users/tarpanmishra/Desktop/Squat More/Labeled_Dataset/videos/49351_1.mp4
49387_1,e2935bd5ccc85b57968678de828270183f983c71d62a0128876edaa4fa364cf4,test,posture_fault,1,/Users/tarpanmishra/Desktop/Squat More/Labeled_Dataset/videos/49387_1.mp4
49402_2,ddef36bfb122f12a6fe3a5c9300daa36d14114cee3b0d04173ebdceea2356be3,test,posture_fault,1,/Users/tarpanmishra/Desktop/Squat More/Labeled_Dataset/videos/49402_2.mp4
49408_1,e9f34ec50e333faac2950e000f1e2323dd51d60d1bfed0418cc934cb78e6ffb4,test,posture_fault,1,/Users/tarpanmishra/Desktop/Squat More/Labeled_Dataset/videos/49408_1.mp4
49478_1,4e542dfe84c1f8a1768f191711ce5949d65fdccf3146319af9f04663c7759d42,test,posture_fault,1,/Users/tarpanmishra/Desktop/Squat More/Labeled_Dataset/videos/49478_1.mp4
49509_2,5c844bc4e8ca3974377bd44df69e62eadbb9fb57338816d33a45d06b5d4b2b76,test,good_form,0,/Users/tarpanmishra/Desktop/Squat More/Labeled_Dataset/videos/49509_2.mp4
49539_2,51af4f2aedd7426ec9e3d27722ab96c4566383f8d57524ea8a76555f0db95481,test,posture_fault,1,/Users/tarpanmishra/Desktop/Squat More/Labeled_Dataset/videos/49539_2.mp4
49548_1,5ff28e80b4418bd0cb1d619fe11576d347e9b9a628310bed2f9d99ba6d5d486c,test,posture_fault,1,/Users/tarpanmishra/Desktop/Squat More/Labeled_Dataset/videos/49548_1.mp4
49565_5,aba7bae8a6d71953bf3527601d42b495f0ea001ef4fca70df538d971b4ba9640,test,good_form,0,/Users/tarpanmishra/Desktop/Squat More/Labeled_Dataset/videos/49565_5.mp4
49599_1,12366bf3eeff03cce212f1f6137e12233f90f5854e7746fe1c79eadef3044811,test,posture_fault,1,/Users/tarpanmishra/Desktop/Squat More/Labeled_Dataset/videos/49599_1.mp4
49618_2,6dabfaa2fef17e8d01da71b57cbace33636e450f47c0b7cc08e584e8191a33ea,test,good_form,0,/Users/tarpanmishra/Desktop/Squat More/Labeled_Dataset/videos/49618_2.mp4
49646_5,3736a86823ee684dd6bfc6a6f0a63ab818fa78219a4b8e741596168b67d348ab,test,posture_fault,1,/Users/tarpanmishra/Desktop/Squat More/Labeled_Dataset/videos/49646_5.mp4
49733_1,2e6592e975718dc0de80d15d8e69e5889beffb96f9a553ca09556a0a81193694,test,posture_fault,1,/Users/tarpanmishra/Desktop/Squat More/Labeled_Dataset/videos/49733_1.mp4
49734_4,35d916852de67fbaedf6745c4a15d9411227fac2cb90c87d1778f30cd0520a64,test,good_form,0,/Users/tarpanmishra/Desktop/Squat More/Labeled_Dataset/videos/49734_4.mp4
49813_4,9f4a28ac566196add01a69ef4d8ab1695fd7a5c9efeb36ad820d1f77db81f4f3,test,good_form,0,/Users/tarpanmishra/Desktop/Squat More/Labeled_Dataset/videos/49813_4.mp4
49833_11,a790b65c6f8ba07c3d68acfb7933fab332c649323e0a3a1076104e2cb8e64155,test,good_form,0,/Users/tarpanmishra/Desktop/Squat More/Labeled_Dataset/videos/49833_11.mp4
49857_1,94534daf32a052f7ec99a65ffdbbffcd861d0eddb9602d83cbe4d714611ae1c4,test,posture_fault,1,/Users/tarpanmishra/Desktop/Squat More/Labeled_Dataset/videos/49857_1.mp4
49921_3,687cd6be4f6150c243319a4d76b0b8108aa2a47b2103b57e6718f2db55c4a327,test,posture_fault,1,/Users/tarpanmishra/Desktop/Squat More/Labeled_Dataset/videos/49921_3.mp4
49949_2,86fb64718a1a9509bc3d37b960a728de8473f01424aa4ed3b89a427b922c009b,test,good_form,0,/Users/tarpanmishra/Desktop/Squat More/Labeled_Dataset/videos/49949_2.mp4
50002_2,be3175fd0382453af414bbde81c4f085c07adfcab4777f075665243058bf0981,test,posture_fault,1,/Users/tarpanmishra/Desktop/Squat More/Labeled_Dataset/videos/50002_2.mp4
50122_2,330d69dc98d2340d0ede035420ace720d2968ae36a5aa885d5f799f39c817f0b,test,posture_fault,1,/Users/tarpanmishra/Desktop/Squat More/Labeled_Dataset/videos/50122_2.mp4
50172_2,486b0eda06ca6183445f7474475398ca40419abe5d5ac905198a71d196f2f333,test,good_form,0,/Users/tarpanmishra/Desktop/Squat More/Labeled_Dataset/videos/50172_2.mp4
50174_1,2ee34584ccc11761f028c5a4411d70b7ad4a86545dafeab500f0ce5a66bae22a,test,posture_fault,1,/Users/tarpanmishra/Desktop/Squat More/Labeled_Dataset/videos/50174_1.mp4
50264_2,81223308c5e49ecd2a55a3bbbb897cf59af131c0c415edddd6b7014dba3ba122,test,posture_fault,1,/Users/tarpanmishra/Desktop/Squat More/Labeled_Dataset/videos/50264_2.mp4
50279_1,6c383b6df474912fd31180eace97f0f33ac6cd3361129fc8415660999ddd3f2f,test,good_form,0,/Users/tarpanmishra/Desktop/Squat More/Labeled_Dataset/videos/50279_1.mp4
50320_1,0252ce116e63ca076cf4e5c7abb5898f3eaaf2eac486ad32544eeb77bcfad576,test,posture_fault,1,/Users/tarpanmishra/Desktop/Squat More/Labeled_Dataset/videos/50320_1.mp4
50436_1,cc9aa90e2f79b9b6768a1d055b7c247a964ee7d2e159e4d5de61d5d8b19a5b09,test,posture_fault,1,/Users/tarpanmishra/Desktop/Squat More/Labeled_Dataset/videos/50436_1.mp4
50462_7,b97f01b0e0ed89438fc73701d0a03c5afb0be135a370ce789468a5e85527dd45,test,good_form,0,/Users/tarpanmishra/Desktop/Squat More/Labeled_Dataset/videos/50462_7.mp4
50489_2,5e4fd761486da31b416ef7da30e88b656d75bff8f2b3617f89d87cac59767f51,test,posture_fault,1,/Users/tarpanmishra/Desktop/Squat More/Labeled_Dataset/videos/50489_2.mp4
50522_4,62a9ab45ef19a96089afe813c0ec98a297d0cb9ac8f0156a11ef864ddff3fbf0,test,good_form,0,/Users/tarpanmishra/Desktop/Squat More/Labeled_Dataset/videos/50522_4.mp4
50551_10,55cdfcdff54d4d59092506b76419006c0b20f1848334292a2f6ce9227719c029,test,good_form,0,/Users/tarpanmishra/Desktop/Squat More/Labeled_Dataset/videos/50551_10.mp4
50705_1,27cf324ebb44141303fa61078385408f902565e03873d1c644b6cca53ed03b5a,test,good_form,0,/Users/tarpanmishra/Desktop/Squat More/Labeled_Dataset/videos/50705_1.mp4
50807_3,a7d997d280b84da76b0dce0c2c58ce182d3840d4347f39b40bed1b1cf9d821a0,test,good_form,0,/Users/tarpanmishra/Desktop/Squat More/Labeled_Dataset/videos/50807_3.mp4
50829_11,a790b65c6f8ba07c3d68acfb7933fab332c649323e0a3a1076104e2cb8e64155,test,good_form,0,/Users/tarpanmishra/Desktop/Squat More/Labeled_Dataset/videos/50829_11.mp4
50844_1,6c383b6df474912fd31180eace97f0f33ac6cd3361129fc8415660999ddd3f2f,test,good_form,0,/Users/tarpanmishra/Desktop/Squat More/Labeled_Dataset/videos/50844_1.mp4
50846_2,3798943723dfd40dea051bc2978ee3339f728f142884ed8f8169762113da4713,test,good_form,0,/Users/tarpanmishra/Desktop/Squat More/Labeled_Dataset/videos/50846_2.mp4
50856_1,751564f5036730f583cb04e19924523050ef0740c33e9e0269f472f24c1ebc8d,test,good_form,0,/Users/tarpanmishra/Desktop/Squat More/Labeled_Dataset/videos/50856_1.mp4
50862_1,50df1aa9eb44b726b46beead778811e6702568d17224ea72c46a0ba855ace01a,test,good_form,0,/Users/tarpanmishra/Desktop/Squat More/Labeled_Dataset/videos/50862_1.mp4
50869_5,aba7bae8a6d71953bf3527601d42b495f0ea001ef4fca70df538d971b4ba9640,test,good_form,0,/Users/tarpanmishra/Desktop/Squat More/Labeled_Dataset/videos/50869_5.mp4
33608_4,340981316f0344586443d5465bba320caa3489655390128a547076e1e2f12585,train,depth_fault,1,/Users/tarpanmishra/Desktop/Squat More/Labeled_Dataset/videos/33608_4.mp4
37508_2,62be2f88d31e316f1aad55750a71bd7ff47f3686bbc03d49444921f802cccbe4,train,depth_fault,1,/Users/tarpanmishra/Desktop/Squat More/Labeled_Dataset/videos/37508_2.mp4
36858_1,6b531aedd07ba9d75af5909b1231db54a7874162d0c9de6c98eda9e01edc3d0e,train,depth_fault,1,/Users/tarpanmishra/Desktop/Squat More/Labeled_Dataset/videos/36858_1.mp4
36351_11,422b29b04e9a86f334a97efedce383cef6a146603b574e3b8692b6faa747f02b,train,depth_fault,1,/Users/tarpanmishra/Desktop/Squat More/Labeled_Dataset/videos/36351_11.mp4
33096_3,0bd857f9ec8b280283be46c5102beb5f73a4e4d6abf3e7a81daab2cde80275a0,train,depth_fault,0,/Users/tarpanmishra/Desktop/Squat More/Labeled_Dataset/videos/33096_3.mp4
33063_6,823ccbef9119a327d2f591c75107d96a9507b6d868f710caa556737889b7ca12,train,depth_fault,0,/Users/tarpanmishra/Desktop/Squat More/Labeled_Dataset/videos/33063_6.mp4
36788_2,5ac7c1fd8e55dccc3c92cf881721ca8701e898ae44089ecaa88672e6edf80a6a,train,depth_fault,1,/Users/tarpanmishra/Desktop/Squat More/Labeled_Dataset/videos/36788_2.mp4
33891_1,2dc04d9915de25d78445722ee323485ffa0e5af147cd054fe88506abb894ab5f,train,depth_fault,1,/Users/tarpanmishra/Desktop/Squat More/Labeled_Dataset/videos/33891_1.mp4
37597_3,19c24d46fb35f1d84abe735266d117bfc3cb40678a364dee9777dbb96fe9aee1,train,depth_fault,0,/Users/tarpanmishra/Desktop/Squat More/Labeled_Dataset/videos/37597_3.mp4
32991_2,37f17db3ad2d1b5273c123b991f410e990021cfd2a5e84352fe11e885d4ff119,train,depth_fault,1,/Users/tarpanmishra/Desktop/Squat More/Labeled_Dataset/videos/32991_2.mp4
37206_3,0bc908423b92c116e4dbfecd0b4b34687bf25df59cad2e1e84cd567da47b1083,train,depth_fault,1,/Users/tarpanmishra/Desktop/Squat More/Labeled_Dataset/videos/37206_3.mp4
37135_3,8ec84a2703e2b75dd1ee4df07a87ac90237867fe945db328835d628588fec2e9,train,depth_fault,0,/Users/tarpanmishra/Desktop/Squat More/Labeled_Dataset/videos/37135_3.mp4
37662_2,c49df70c89fff648870a43feabc8761b84a2748558b3d3a0ae287124d492c139,train,depth_fault,1,/Users/tarpanmishra/Desktop/Squat More/Labeled_Dataset/videos/37662_2.mp4
37664_2,53f1ea91f20e5ae16e52e48fdc138ea89f8541c5db2e52c716be027235d58af7,train,depth_fault,1,/Users/tarpanmishra/Desktop/Squat More/Labeled_Dataset/videos/37664_2.mp4
37773_1,80c21662844c953232e112d847dbeaa561a7b4e40aed7c2f838abc623c18b583,train,depth_fault,1,/Users/tarpanmishra/Desktop/Squat More/Labeled_Dataset/videos/37773_1.mp4
37428_1,01b94cab90b8b58a648c63efec63d5c3016015cf35591826697f0b06ec10b3f5,train,depth_fault,1,/Users/tarpanmishra/Desktop/Squat More/Labeled_Dataset/videos/37428_1.mp4
33051_1,227799e7f1df0417f4935b11e4346ac6c8b6fafb72ba533507194cda7696af10,train,depth_fault,1,/Users/tarpanmishra/Desktop/Squat More/Labeled_Dataset/videos/33051_1.mp4
36206_2,8cb7a7cc81cf091b57dcaf133228ad27696e88f9b65360bc5c7264735f1781bb,train,depth_fault,0,/Users/tarpanmishra/Desktop/Squat More/Labeled_Dataset/videos/36206_2.mp4
37072_3,64cadfaf064098d6fc9ac0f9ca0d6308306586c584efbf31d70742e757c15132,train,depth_fault,1,/Users/tarpanmishra/Desktop/Squat More/Labeled_Dataset/videos/37072_3.mp4
33103_2,8687be3ecade9c848fb2e13f70ecfa944f7e68981c48b27c239130031a7c9a83,train,depth_fault,0,/Users/tarpanmishra/Desktop/Squat More/Labeled_Dataset/videos/33103_2.mp4
36354_2,ea8de74490304f2952862142d8843f4f5859f6c6d3460859999e58abe0f22e41,train,depth_fault,1,/Users/tarpanmishra/Desktop/Squat More/Labeled_Dataset/videos/36354_2.mp4
33659_3,8da73da49ed5e0cc3bc671c6a20fee80947a0a9959344f2030bbb244e4cbb672,train,depth_fault,0,/Users/tarpanmishra/Desktop/Squat More/Labeled_Dataset/videos/33659_3.mp4
37172_2,e7e5a4aa9b355d9a3605b292f953f2980a223e961189df9143de268740abebc8,train,depth_fault,1,/Users/tarpanmishra/Desktop/Squat More/Labeled_Dataset/videos/37172_2.mp4
36236_2,0a9a45c66bcf52106187b5e5aeea0dda25b5306c3b03f9799c5340858621cbf5,train,depth_fault,0,/Users/tarpanmishra/Desktop/Squat More/Labeled_Dataset/videos/36236_2.mp4
36947_1,d0346256d5bfa602edf164bc19b19d6f3649ac174ca5155809bca20999b5fbfa,train,depth_fault,1,/Users/tarpanmishra/Desktop/Squat More/Labeled_Dataset/videos/36947_1.mp4
36943_3,597305b201dba845693bad94182d574fa0fa1221e319d4d1ec91ee2fa3af972a,train,depth_fault,1,/Users/tarpanmishra/Desktop/Squat More/Labeled_Dataset/videos/36943_3.mp4
37815_1,91bf6f6015aacad0f233972a95073ce4c68a0c4e9afb868f51ecefe2060c1880,train,depth_fault,1,/Users/tarpanmishra/Desktop/Squat More/Labeled_Dataset/videos/37815_1.mp4
37580_1,8dcb32f658c87e992bee0e53584474161ba0fdd4acfae6157ef7e7af2d5c8e36,train,depth_fault,1,/Users/tarpanmishra/Desktop/Squat More/Labeled_Dataset/videos/37580_1.mp4
37093_3,39c8a545a1a14b1c2dcfc2257690a9f27d646d3d021eacc12540acb74a4e96da,train,depth_fault,0,/Users/tarpanmishra/Desktop/Squat More/Labeled_Dataset/videos/37093_3.mp4
36584_1,56a18b0ad6f1ab5608aac050239809435a5b31d1225bbda33cef5275867bb726,train,depth_fault,1,/Users/tarpanmishra/Desktop/Squat More/Labeled_Dataset/videos/36584_1.mp4
36506_1,66c74262eed6117806ef0aa6699964e70e7fc61c7aea79a526807118aad38e18,train,depth_fault,1,/Users/tarpanmishra/Desktop/Squat More/Labeled_Dataset/videos/36506_1.mp4
37362_7,901f471efd6c55a857419d70a2f9b00f2eae4118f4398362ae7321c0da11ab66,train,depth_fault,0,/Users/tarpanmishra/Desktop/Squat More/Labeled_Dataset/videos/37362_7.mp4
33207_1,92b5ce4e369c4be58c8e1635aced0e5c69fc2b124e36b469e260c33ea81124f5,train,depth_fault,0,/Users/tarpanmishra/Desktop/Squat More/Labeled_Dataset/videos/33207_1.mp4
36915_5,89254703ed450bd7171854f4244be2bc9c13dbbadac3f3f67e0863dc4b0c8fb0,train,depth_fault,0,/Users/tarpanmishra/Desktop/Squat More/Labeled_Dataset/videos/36915_5.mp4
33440_2,06a8f1446d894ff8ae6b09c714b59992ca9809bb183623310cec613e4b85004f,train,depth_fault,0,/Users/tarpanmishra/Desktop/Squat More/Labeled_Dataset/videos/33440_2.mp4
36907_1,6c27853d75c797e5bac32f1177e8dbfdd9ae2a072fe3bc076477c4b00938f31d,train,depth_fault,1,/Users/tarpanmishra/Desktop/Squat More/Labeled_Dataset/videos/36907_1.mp4
33561_3,d807557bd318d18240b1ab314b4c5f6b984dc54ac31a42a3cb8fb17cb7b967b7,train,depth_fault,1,/Users/tarpanmishra/Desktop/Squat More/Labeled_Dataset/videos/33561_3.mp4
33532_1,e44cc4aa138338a53b89902feacd2b88124482e154772d9a8baf3cdde5f4b9fc,train,depth_fault,1,/Users/tarpanmishra/Desktop/Squat More/Labeled_Dataset/videos/33532_1.mp4
33166_1,18329b5d14f0aa260ed38b500fe531475d10f0f1f9898aefcbcc7f0bccd42abd,train,depth_fault,1,/Users/tarpanmishra/Desktop/Squat More/Labeled_Dataset/videos/33166_1.mp4
37906_3,90f35fc57f6f885b30f7600b3c450748703af72c5da7d079e15a46931965c35e,train,depth_fault,0,/Users/tarpanmishra/Desktop/Squat More/Labeled_Dataset/videos/37906_3.mp4
33028_2,5da6c6fff4757f8a672945c161fa612bee698435a59e522d48c9746405ece5f6,train,depth_fault,1,/Users/tarpanmishra/Desktop/Squat More/Labeled_Dataset/videos/33028_2.mp4
36953_1,bb41f8477d550e02d541b30046022de293660f930b3569c4dda711fce84b2a24,train,depth_fault,1,/Users/tarpanmishra/Desktop/Squat More/Labeled_Dataset/videos/36953_1.mp4
33468_2,056666ba0f6df97b5dd3f201f9b502652f3f9233bdb5849d5d511a83b77cea15,train,depth_fault,1,/Users/tarpanmishra/Desktop/Squat More/Labeled_Dataset/videos/33468_2.mp4
37732_2,ff5a18ba37a120d7237ecb5e45d1f171387e998d8c2c10927cdac0d2184ef66a,train,depth_fault,0,/Users/tarpanmishra/Desktop/Squat More/Labeled_Dataset/videos/37732_2.mp4
37305_3,3ff5bdd7294804dce2f43d29db9f10fdfb7aeabfc25759e62625286a8db04c94,train,depth_fault,1,/Users/tarpanmishra/Desktop/Squat More/Labeled_Dataset/videos/37305_3.mp4
38060_7,e43346ae925df60a624f2f5c5361e7ed18da113efd43d2d39df8786bcf3df89c,train,depth_fault,1,/Users/tarpanmishra/Desktop/Squat More/Labeled_Dataset/videos/38060_7.mp4
37653_1,b36410ab8d4e9f5a7b5cfc8d416a0ad559d0e80ef48853e720cc823733c49e43,train,depth_fault,1,/Users/tarpanmishra/Desktop/Squat More/Labeled_Dataset/videos/37653_1.mp4
33594_1,87d051093173451208a616415d5cb1d1f5d8e3b8960972754ce00ee838ccba7f,train,depth_fault,1,/Users/tarpanmishra/Desktop/Squat More/Labeled_Dataset/videos/33594_1.mp4
36358_1,96e6aecb1064ce7c3a0686889ef1c29bc14e8edd61ad93af4a51e129998cbac9,train,depth_fault,1,/Users/tarpanmishra/Desktop/Squat More/Labeled_Dataset/videos/36358_1.mp4
37859_4,a01890fa4f5fe8c9a9928cf55c5d2ca3176a8adc18bce0b51bdc3eb2d5843912,train,depth_fault,0,/Users/tarpanmishra/Desktop/Squat More/Labeled_Dataset/videos/37859_4.mp4
36093_1,a02c5795fc5d027c7c6376991265e66bb2ccc902940e248c715628b92a7cd914,train,depth_fault,1,/Users/tarpanmishra/Desktop/Squat More/Labeled_Dataset/videos/36093_1.mp4
36497_2,bd970567731e47a1ebb0badec05fa1245fe1fcd9782ae4b7ad98524de6edb72a,train,depth_fault,0,/Users/tarpanmishra/Desktop/Squat More/Labeled_Dataset/videos/36497_2.mp4
36534_5,2584537d082929d0374dfaa2823fd4b71a72c60db5ee9e202f455d3d2a5ad8d7,train,depth_fault,1,/Users/tarpanmishra/Desktop/Squat More/Labeled_Dataset/videos/36534_5.mp4
36434_2,65c97ecb6bcfb3ab23ab2a722ee106130831e5be775c93f93137eea16f6b3c79,train,depth_fault,0,/Users/tarpanmishra/Desktop/Squat More/Labeled_Dataset/videos/36434_2.mp4
36375_1,9ece27b8cdc0e2d756f36b51eb89368eca87832c52eb6ece9c9ee6261933b557,train,depth_fault,1,/Users/tarpanmishra/Desktop/Squat More/Labeled_Dataset/videos/36375_1.mp4
36653_2,eb437a3c312acafa8c19c135ff34e1d16d87a66758a95b205bc48aee62b37f55,train,depth_fault,0,/Users/tarpanmishra/Desktop/Squat More/Labeled_Dataset/videos/36653_2.mp4
33048_1,8dd3947eeb784837c29c2f3d2b23f491f43fcc10b8668e351d82eaa842eb240e,train,depth_fault,0,/Users/tarpanmishra/Desktop/Squat More/Labeled_Dataset/videos/33048_1.mp4
37535_2,782472e5330c9b82636e3e9fea9f5ab2155edef69f96295a6e34ba96f7daed85,train,depth_fault,0,/Users/tarpanmishra/Desktop/Squat More/Labeled_Dataset/videos/37535_2.mp4
33334_2,2dca947381d1deb5af6bf0ba2ecadbe83b986b9d8cdfd64f8941f4e9e4018bc0,train,depth_fault,1,/Users/tarpanmishra/Desktop/Squat More/Labeled_Dataset/videos/33334_2.mp4
33765_1,5544b6b85b2efbfd8168490b7253a80703b2a5e2fd30fe71a290daee369b3033,train,depth_fault,0,/Users/tarpanmishra/Desktop/Squat More/Labeled_Dataset/videos/33765_1.mp4
36360_2,7edaeb87838393380a2d76ebda7627417258f3fb91e5e8d29b06372030e45106,train,depth_fault,1,/Users/tarpanmishra/Desktop/Squat More/Labeled_Dataset/videos/36360_2.mp4
32995_3,a6531776d2761234d9ea623984c46c9c90a678cfc0945d0d1c7c27481bacc77e,train,depth_fault,1,/Users/tarpanmishra/Desktop/Squat More/Labeled_Dataset/videos/32995_3.mp4
37478_3,07e976811fe6f7d5ec9ef34dc32264c626d0b2fa77cacc276d2f6364853ca6b1,train,depth_fault,1,/Users/tarpanmishra/Desktop/Squat More/Labeled_Dataset/videos/37478_3.mp4
37092_1,7f10f835069d878c87087c562f8a7d638f5a032729d1701e87fea1565bef0b5e,train,depth_fault,1,/Users/tarpanmishra/Desktop/Squat More/Labeled_Dataset/videos/37092_1.mp4
36810_1,72769c9fb2e52d2b4bbdb5c4972782052e68ce17b209e8ffd71b8f5038e2ed71,train,depth_fault,1,/Users/tarpanmishra/Desktop/Squat More/Labeled_Dataset/videos/36810_1.mp4
37137_1,a97b0b6d1c5672f1ee32e51ad3eb20f42bb44d2a15e00123ed4afe07267cd2a1,train,depth_fault,1,/Users/tarpanmishra/Desktop/Squat More/Labeled_Dataset/videos/37137_1.mp4
37471_3,5936892f4efad09574e874d234c3fe8cef908f653eef12f1c49227829584f734,train,depth_fault,1,/Users/tarpanmishra/Desktop/Squat More/Labeled_Dataset/videos/37471_3.mp4
37630_4,8fab97d452c23d6b5fd27b2bac69304a99241a713a4160a326bc256839f2038a,train,depth_fault,0,/Users/tarpanmishra/Desktop/Squat More/Labeled_Dataset/videos/37630_4.mp4
36166_1,963a310ebd87f929dd91aa51c10d9b5176b0a104cfce6922263ace9349efa366,train,depth_fault,0,/Users/tarpanmishra/Desktop/Squat More/Labeled_Dataset/videos/36166_1.mp4
37249_4,50d26105cc83323020558fae2436f6f5de805c5f400d81c3480ee56f231f67af,train,depth_fault,0,/Users/tarpanmishra/Desktop/Squat More/Labeled_Dataset/videos/37249_4.mp4
37238_1,4af0187ab557bed29536422a73941690eb28108f4a0cdf24fa9706e3316da2b3,train,depth_fault,1,/Users/tarpanmishra/Desktop/Squat More/Labeled_Dataset/videos/37238_1.mp4
36984_4,768c09b34590c9534c7fb7c6dc8489e5678e7c10b297a8e756b138af0ba764c6,train,depth_fault,1,/Users/tarpanmishra/Desktop/Squat More/Labeled_Dataset/videos/36984_4.mp4
37099_7,0364a462ebfdc004e40d382e5c167db6103bc772e304371a5c6a3bc54fd07936,train,depth_fault,0,/Users/tarpanmishra/Desktop/Squat More/Labeled_Dataset/videos/37099_7.mp4
36880_1,bebe0a0cd446a79e8767047b1c052633cc1c6629677f4811e9e65d07b2bb83a4,train,depth_fault,1,/Users/tarpanmishra/Desktop/Squat More/Labeled_Dataset/videos/36880_1.mp4
33599_4,8f95091c55c6a203eb756e1c73412205d971c42894b2d339e1e3fba2919bd4c1,train,depth_fault,1,/Users/tarpanmishra/Desktop/Squat More/Labeled_Dataset/videos/33599_4.mp4
36977_2,6f8e365e2c5b61e3caaba042124fb9dbb3bbb1037e6104a83e982bd77de4f690,train,depth_fault,1,/Users/tarpanmishra/Desktop/Squat More/Labeled_Dataset/videos/36977_2.mp4
37300_6,051a846ee147a686f6faf9c0859edae2fb476b741cdcb4234ff485808facb6a5,train,depth_fault,1,/Users/tarpanmishra/Desktop/Squat More/Labeled_Dataset/videos/37300_6.mp4
37389_1,1bac0ac078e3c947bcfe690f8135737dc63e0690b216e11c7751c23747fec76d,train,depth_fault,0,/Users/tarpanmishra/Desktop/Squat More/Labeled_Dataset/videos/37389_1.mp4
37619_2,65e9148ffbb8706ddd770ece0183ea44da94eaab3471db35dd4b467a48f419f9,train,depth_fault,1,/Users/tarpanmishra/Desktop/Squat More/Labeled_Dataset/videos/37619_2.mp4
36325_1,356209079c2802cdbba7cb9ceb9fdb0f9f6e2494926b1eb72221dcab1be0a1af,train,depth_fault,1,/Users/tarpanmishra/Desktop/Squat More/Labeled_Dataset/videos/36325_1.mp4
33245_2,8ebede6c5e1a0a62fac5e7379c2105ed2336f6cdffd3cb42e1888b4b7e5d8a64,train,depth_fault,0,/Users/tarpanmishra/Desktop/Squat More/Labeled_Dataset/videos/33245_2.mp4
32975_6,c3c4c201f8987327cfc78c8d989cf1ae2fb0d05837ad632a9abb4d5553943470,train,depth_fault,0,/Users/tarpanmishra/Desktop/Squat More/Labeled_Dataset/videos/32975_6.mp4
33406_8,81e15ae26d199a915e575428e67eabcc54ce15f7b48bc89738a9e29c2498a9d0,train,depth_fault,1,/Users/tarpanmishra/Desktop/Squat More/Labeled_Dataset/videos/33406_8.mp4
33843_1,ac390aa8c897ebab75bcb6af01c2db46dedb003ca1260c7ce6ce59d4aac8987f,train,depth_fault,1,/Users/tarpanmishra/Desktop/Squat More/Labeled_Dataset/videos/33843_1.mp4
32979_1,92526b4ce849e747aef2dd1ca14029661ce2aa2a563e503de3d97d94e839a5e0,train,depth_fault,1,/Users/tarpanmishra/Desktop/Squat More/Labeled_Dataset/videos/32979_1.mp4
32996_2,3827f0ff0cc3d5bacad61a36a7541a32c6ae597d44cd5a5d47db4bdbf3975740,train,depth_fault,0,/Users/tarpanmishra/Desktop/Squat More/Labeled_Dataset/videos/32996_2.mp4
33045_1,2aa0c633cdf243d5b6ec621dd14aa400bfd792165783304b3c5e8ee02b630660,train,depth_fault,1,/Users/tarpanmishra/Desktop/Squat More/Labeled_Dataset/videos/33045_1.mp4
33805_1,e5db06c86a8b8624d10d0b7d7340ef6c11ec21d4bda9eba23aeae26da790ff70,train,depth_fault,1,/Users/tarpanmishra/Desktop/Squat More/Labeled_Dataset/videos/33805_1.mp4
37265_1,cd6af0d5245f39c3b7f10aed311c1cd3681efddd4da05e62c5056e2435f6238d,train,depth_fault,1,/Users/tarpanmishra/Desktop/Squat More/Labeled_Dataset/videos/37265_1.mp4
36129_2,54d887e8040c20b0e775fb30f8f6ac2407c3f39c3b3418482c8fde87985353aa,train,depth_fault,1,/Users/tarpanmishra/Desktop/Squat More/Labeled_Dataset/videos/36129_2.mp4
38023_1,cee90c61cba5ca5cbbf77d2169f69fcf4774a76dd49d0d82b8d1f5a103ea563e,train,depth_fault,0,/Users/tarpanmishra/Desktop/Squat More/Labeled_Dataset/videos/38023_1.mp4
33375_5,0b87948caadecac01a17d38096d60c4332c2b6dbc89a0cf39f1c417b33267da2,train,depth_fault,1,/Users/tarpanmishra/Desktop/Squat More/Labeled_Dataset/videos/33375_5.mp4
37757_3,217ac75b493804288fe2ac29cdd4011b6df75942b949c38a3fb3869044a0bff9,train,depth_fault,0,/Users/tarpanmishra/Desktop/Squat More/Labeled_Dataset/videos/37757_3.mp4
33860_3,30ed9c2e3c66a1b601b3c0a829698b335b5f66f0df6d6fd43d3088db5ab62cd8,train,depth_fault,0,/Users/tarpanmishra/Desktop/Squat More/Labeled_Dataset/videos/33860_3.mp4
36501_1,a05324b974571ab69fa1b5eba7a97d17128ec3c1b8663c51fcd836431748dee4,train,depth_fault,1,/Users/tarpanmishra/Desktop/Squat More/Labeled_Dataset/videos/36501_1.mp4
50866_1,44dad99d0d7698b936780c485c47176391c0983297104b8d1f18a98959c0192a,train,good_form,0,/Users/tarpanmishra/Desktop/Squat More/Labeled_Dataset/videos/50866_1.mp4
49956_1,84cd445b9da72cf8b7b834eda163d1eef7b784ab3fe8a9b4063da4756c5191b1,train,good_form,0,/Users/tarpanmishra/Desktop/Squat More/Labeled_Dataset/videos/49956_1.mp4
48744_1,40e43d5ee35a49ac7372d2d68e1fd0441331d76ebad0c19efa0a1ebce6af7164,train,good_form,0,/Users/tarpanmishra/Desktop/Squat More/Labeled_Dataset/videos/48744_1.mp4
37861_3,c3d0ac02ff4e4e2eaa30bc793cbffb157e7ce1ffe0d51aeeb0c9c0daefaccd2c,train,good_form,0,/Users/tarpanmishra/Desktop/Squat More/Labeled_Dataset/videos/37861_3.mp4
47483_1,2493c88de0943cfb1c9f4338fc8f0bbe0fea681541ef0055eb2dbdf8c106f86f,train,good_form,0,/Users/tarpanmishra/Desktop/Squat More/Labeled_Dataset/videos/47483_1.mp4
46101_3,4b8283fa8a2ab5ae9f3c40bc8efb3b8718dc14e3b3869bc87a6f08ac06561bc5,train,good_form,0,/Users/tarpanmishra/Desktop/Squat More/Labeled_Dataset/videos/46101_3.mp4
49195_1,eb0e4f4f58e2ab7b09619a0eacae8c45f26212b0e70cb45caf53b89775cfb7eb,train,good_form,0,/Users/tarpanmishra/Desktop/Squat More/Labeled_Dataset/videos/49195_1.mp4
48548_2,4a2ae4ae66f791d5a6e3a08fdda143acff2a4c53b73a4763346ceaa126241398,train,good_form,0,/Users/tarpanmishra/Desktop/Squat More/Labeled_Dataset/videos/48548_2.mp4
49240_14,9811796d2c2a49aa62e1b065b66133219cd7a0c7e4bc7b69df8801f4b853bbef,train,good_form,0,/Users/tarpanmishra/Desktop/Squat More/Labeled_Dataset/videos/49240_14.mp4
48593_4,38631d8478b25d291122f32f6db8805cce77bc21f8a71a9592ce3856e64ef771,train,good_form,0,/Users/tarpanmishra/Desktop/Squat More/Labeled_Dataset/videos/48593_4.mp4
49143_1,8f9b0019836a6225a5f5dc4d87bbe20da96fba76dc35c41254c942ddcc2d3977,train,good_form,0,/Users/tarpanmishra/Desktop/Squat More/Labeled_Dataset/videos/49143_1.mp4
47347_3,c90ab045c095f0169b8f66ec7c2d38e3602bce03c88e60d5205030c47dd44afd,train,good_form,0,/Users/tarpanmishra/Desktop/Squat More/Labeled_Dataset/videos/47347_3.mp4
46243_1,f98fe311604fca49df5703e1912c3a05044029a55500c91b46244364686618f2,train,good_form,0,/Users/tarpanmishra/Desktop/Squat More/Labeled_Dataset/videos/46243_1.mp4
47559_3,9106c5599930ce9eb7afe5a88804a6566eaf5d109b3eb8cc2e92b2f5ad672408,train,good_form,0,/Users/tarpanmishra/Desktop/Squat More/Labeled_Dataset/videos/47559_3.mp4
46125_10,4051bdfabe4ab66ca0e12547c179d535bb3e48ede4be5a07b63fe8290ffa48d0,train,good_form,0,/Users/tarpanmishra/Desktop/Squat More/Labeled_Dataset/videos/46125_10.mp4
50871_2,70e50a7a8b06c499eee0f75803c36f6a3260ab361efe963e9e70bdcd382fc066,train,good_form,0,/Users/tarpanmishra/Desktop/Squat More/Labeled_Dataset/videos/50871_2.mp4
50418_1,a2ec947bc965307f75fa2f363e06075fd79c7cd784f8ae77145689de77f2d1c9,train,good_form,0,/Users/tarpanmishra/Desktop/Squat More/Labeled_Dataset/videos/50418_1.mp4
47827_2,580bf8e5682318a9d80985452743fb27c5997b1d80e649c54f8a9c6bf9cad18a,train,good_form,0,/Users/tarpanmishra/Desktop/Squat More/Labeled_Dataset/videos/47827_2.mp4
46939_1,a2e901b913915344840fbd4cedd677e9ed0372bdf600b7ad4b8239830cd3edfd,train,good_form,0,/Users/tarpanmishra/Desktop/Squat More/Labeled_Dataset/videos/46939_1.mp4
46134_1,380333f83fbbd5b4cf8188c90007236e0edadcc5f565167c69d1cebbbd139526,train,good_form,0,/Users/tarpanmishra/Desktop/Squat More/Labeled_Dataset/videos/46134_1.mp4
47130_1,4c40b2a586dbe53ca334699c6088dc9599702cc43dfbc615f581d1f38123ef20,train,good_form,0,/Users/tarpanmishra/Desktop/Squat More/Labeled_Dataset/videos/47130_1.mp4
47742_2,2da9dc74bbc4804b4a24eb35ce90ebcb7ffb567efd99c6554fc03971ed45b769,train,good_form,0,/Users/tarpanmishra/Desktop/Squat More/Labeled_Dataset/videos/47742_2.mp4
50278_1,2290003f630911f1ed51f2a4fa3ab49e8355c598b3b184821585ec73fa4b07ef,train,good_form,0,/Users/tarpanmishra/Desktop/Squat More/Labeled_Dataset/videos/50278_1.mp4
49211_6,355553c841182c713451dd7719efdd9ab88a3948bdcf52fca98ce9de3ca177c9,train,good_form,0,/Users/tarpanmishra/Desktop/Squat More/Labeled_Dataset/videos/49211_6.mp4
37840_1,511331900d06ae11ec765aec0b111a711f4e514ea19c1c79466cfc31232b4738,train,good_form,0,/Users/tarpanmishra/Desktop/Squat More/Labeled_Dataset/videos/37840_1.mp4
49586_3,95c5d207e7fbf0d5121829d998e709499690cfe3256254630b634a5607e1d13a,train,good_form,0,/Users/tarpanmishra/Desktop/Squat More/Labeled_Dataset/videos/49586_3.mp4
47646_1,2147fa3298e2f4867069b24a4b5ac98246f8ed7409219343226848a25598484a,train,good_form,0,/Users/tarpanmishra/Desktop/Squat More/Labeled_Dataset/videos/47646_1.mp4
50559_2,526fef09d50cc9ae1410f260cc2675247051fee3b0fa682b397a916ddef6b488,train,good_form,0,/Users/tarpanmishra/Desktop/Squat More/Labeled_Dataset/videos/50559_2.mp4
48183_1,be0b578ec5c1eeb909c72f223801266dd5bbe1cad88b36f1d7c91ebfd8951e48,train,good_form,0,/Users/tarpanmishra/Desktop/Squat More/Labeled_Dataset/videos/48183_1.mp4
50041_3,49519bf4c4f0598c710478b9fac5992a06a4f676636ba3e9357f48a4c0d3acc6,train,good_form,0,/Users/tarpanmishra/Desktop/Squat More/Labeled_Dataset/videos/50041_3.mp4
50611_3,7d759d12878d53da018d7ec66b7e0cad445039a729b11f2feedcc297e8575d67,train,good_form,0,/Users/tarpanmishra/Desktop/Squat More/Labeled_Dataset/videos/50611_3.mp4
48410_4,dad29a26f6109568576d0d5a4c3c3a5bb3c91c9f661e9a2480f32b589bf4f777,train,good_form,0,/Users/tarpanmishra/Desktop/Squat More/Labeled_Dataset/videos/48410_4.mp4
46669_2,85fb7d9b8a627e384651c8391e4828fa122a33ba1ca79f67fb09dc057ae3cea9,train,good_form,0,/Users/tarpanmishra/Desktop/Squat More/Labeled_Dataset/videos/46669_2.mp4
50751_1,9d9e90592845f7107a72463eb6a9ef339272cacaab7a8e2659af9a49be38f112,train,good_form,0,/Users/tarpanmishra/Desktop/Squat More/Labeled_Dataset/videos/50751_1.mp4
50624_5,c5bc219da18ade9511b60cebb66bc80b019d46ae857c77f16fb4d199e2c1980b,train,good_form,0,/Users/tarpanmishra/Desktop/Squat More/Labeled_Dataset/videos/50624_5.mp4
47479_6,cf9065cb92d34cc7a201cd9914cfb53224a7fbeddf78353c61836756746476bb,train,good_form,0,/Users/tarpanmishra/Desktop/Squat More/Labeled_Dataset/videos/47479_6.mp4
48253_2,fc95fc808839e6570d7c6253ba13e3c06ade00c04bfbba6c970c45c724059c66,train,good_form,0,/Users/tarpanmishra/Desktop/Squat More/Labeled_Dataset/videos/48253_2.mp4
37941_3,e2068bb00749362a0ff18382ce476926bf0538e151cce7cd52760c54892e49a5,train,good_form,0,/Users/tarpanmishra/Desktop/Squat More/Labeled_Dataset/videos/37941_3.mp4
47960_1,a113da7a8ff621f2c41675bffd38614958fcf79d74b43eaf0c76b76c8314add3,train,good_form,0,/Users/tarpanmishra/Desktop/Squat More/Labeled_Dataset/videos/47960_1.mp4
47186_5,871d10021e09eac52c038a718ad4907f91bdbf8456ec511a23760f36d6f54990,train,good_form,0,/Users/tarpanmishra/Desktop/Squat More/Labeled_Dataset/videos/47186_5.mp4
36819_6,0b98fd389114bc9e831f541b57ad5c67318e06e7a16849d0cbbb0e752109e9b4,train,good_form,0,/Users/tarpanmishra/Desktop/Squat More/Labeled_Dataset/videos/36819_6.mp4
50001_7,23bbc0f5cf376ce4523de591810f74e3242468a9d77720a3e25dcd95607c3acb,train,good_form,0,/Users/tarpanmishra/Desktop/Squat More/Labeled_Dataset/videos/50001_7.mp4
48031_1,f8fb6f59e95463b0021e18340def242e620c6f45ed269c1a1b013e251ae063e9,train,good_form,0,/Users/tarpanmishra/Desktop/Squat More/Labeled_Dataset/videos/48031_1.mp4
50835_1,18a5866d1d7e7f70078ee9b8cc47ee2861e8d6a55ad43e9c35568736496e4e4c,train,good_form,0,/Users/tarpanmishra/Desktop/Squat More/Labeled_Dataset/videos/50835_1.mp4
48367_1,82f7b340b76940ff849511d561d9a11093756292232e1224bc91ab15c0d8791d,train,good_form,0,/Users/tarpanmishra/Desktop/Squat More/Labeled_Dataset/videos/48367_1.mp4
38029_1,44d945176be94e9cf826607376e112c94f8a9bed002abdef76c09b3da2a75772,train,good_form,0,/Users/tarpanmishra/Desktop/Squat More/Labeled_Dataset/videos/38029_1.mp4
49017_2,0c5743ce2c2ff0c8190af8e7036e5b74aba65faa43d1f375a4b70a2c5a2ac730,train,good_form,0,/Users/tarpanmishra/Desktop/Squat More/Labeled_Dataset/videos/49017_2.mp4
49712_1,9ac0387057a89938a018da2393fd1818ed514fc272a8afc1c12b00a58c9db189,train,good_form,0,/Users/tarpanmishra/Desktop/Squat More/Labeled_Dataset/videos/49712_1.mp4
46482_2,6a4e5e24475d2a3adedae86e694f03ba9bf3da1758dd0de0a1302d3a60abaaf4,train,good_form,0,/Users/tarpanmishra/Desktop/Squat More/Labeled_Dataset/videos/46482_2.mp4
46627_3,b01d4576968f11c7550055142ec1ac1a7bdf6e051d7fc03d8f977b70da45e5c0,train,good_form,0,/Users/tarpanmishra/Desktop/Squat More/Labeled_Dataset/videos/46627_3.mp4
50334_12,dedc543130683d8e02460494668b5021d0ee15b7fd3cd67279beb8355adc14cb,train,good_form,0,/Users/tarpanmishra/Desktop/Squat More/Labeled_Dataset/videos/50334_12.mp4
48389_3,ca3d4889f65a028752add3b87c5fe058e23a4b4894b32d9225f62baf3244bd28,train,good_form,0,/Users/tarpanmishra/Desktop/Squat More/Labeled_Dataset/videos/48389_3.mp4
47243_15,d0dc823bb9544d85d536bc96cc68ee75a9c1c19adf8e5f09382146b1342e12ea,train,good_form,0,/Users/tarpanmishra/Desktop/Squat More/Labeled_Dataset/videos/47243_15.mp4
47117_1,811e2547f01cad1e536666f0a84b6cfca9b997b7a00d40abc8917bfeb38adbd4,train,good_form,0,/Users/tarpanmishra/Desktop/Squat More/Labeled_Dataset/videos/47117_1.mp4
46445_1,0e891f4f82997f80b526f6717b16aecee37043a6bf758a37385549f5c98813d0,train,good_form,0,/Users/tarpanmishra/Desktop/Squat More/Labeled_Dataset/videos/46445_1.mp4
46082_4,f775435c0a8f5fb844de95d3ab4b4415184b6f8891610d48c4ea42ef8fea7075,train,good_form,0,/Users/tarpanmishra/Desktop/Squat More/Labeled_Dataset/videos/46082_4.mp4
49864_2,acda4842dea0370ddb270c8c61a5774dca60ddcb88d95b5be67a551d7f305449,train,good_form,0,/Users/tarpanmishra/Desktop/Squat More/Labeled_Dataset/videos/49864_2.mp4
33937_8,c5a525969bf23f183ff602569113e7bc327bd5a2ccdc3ba9028151f580b8b4c8,train,good_form,0,/Users/tarpanmishra/Desktop/Squat More/Labeled_Dataset/videos/33937_8.mp4
50414_1,54773ee50fc30eb07ea98268553bc116bc98fdea9a1f5373314ae78a5525ed9c,train,good_form,0,/Users/tarpanmishra/Desktop/Squat More/Labeled_Dataset/videos/50414_1.mp4
50758_1,fc29ebb040fad489f1287d28fce439761055df99294428b13c12a46000f31f5d,train,good_form,0,/Users/tarpanmishra/Desktop/Squat More/Labeled_Dataset/videos/50758_1.mp4
48713_1,a2f5c0a4ed0ba9977510f264fa1fb146e5403d04032b3f9d34a2f2d93f3c19d4,train,good_form,0,/Users/tarpanmishra/Desktop/Squat More/Labeled_Dataset/videos/48713_1.mp4
49126_3,24c3424f69dee007f3e2c246d7fda2c7aecbc3bb0d4d51a89f09b959057feb47,train,good_form,0,/Users/tarpanmishra/Desktop/Squat More/Labeled_Dataset/videos/49126_3.mp4
46850_1,b63d91f2724e7248af9589f4b1339c57f2b09968aa4221e539161ed54f865c28,train,good_form,0,/Users/tarpanmishra/Desktop/Squat More/Labeled_Dataset/videos/46850_1.mp4
49431_1,f3c54004fadd5e254f9bfda18bc684d4315fe9b01eeacc5702e5c77b6622d8b0,train,good_form,0,/Users/tarpanmishra/Desktop/Squat More/Labeled_Dataset/videos/49431_1.mp4
46651_5,339c23f66d17bb2a67839c8e0ce1cb7637cd64ad6522cf5fd1fad2cf0bd0f59b,train,good_form,0,/Users/tarpanmishra/Desktop/Squat More/Labeled_Dataset/videos/46651_5.mp4
47548_1,04cfa0a5e44cdbfe9922e71a24364fbff96439e42a2d2a3163f1fd66a5909669,train,good_form,0,/Users/tarpanmishra/Desktop/Squat More/Labeled_Dataset/videos/47548_1.mp4
48840_5,6b701055862421d66a0f2e031a7d5f6771a3044a77091691648a05ccba27aeaf,train,good_form,0,/Users/tarpanmishra/Desktop/Squat More/Labeled_Dataset/videos/48840_5.mp4
48233_1,1a5fd424c8c3a216b289f9de6b7f2e8f5e2cec01aa82d3d4952f65e1214dd14a,train,good_form,0,/Users/tarpanmishra/Desktop/Squat More/Labeled_Dataset/videos/48233_1.mp4
50796_3,43f0246dadbaa47cb4e1e90ceb4ab759933214c68cbc0cb518f72bc6ab60e0d6,train,good_form,0,/Users/tarpanmishra/Desktop/Squat More/Labeled_Dataset/videos/50796_3.mp4
47703_2,4e3fdbf42900b9420a0cb0868541c40cb1dbcccd40d6197b40fa210b1d43e173,train,good_form,0,/Users/tarpanmishra/Desktop/Squat More/Labeled_Dataset/videos/47703_2.mp4
33511_1,90a99d3adcfa707c3bcdf2e2c11b93dd8afe409ed18f5e4afbd4ddc0f2c20434,train,good_form,0,/Users/tarpanmishra/Desktop/Squat More/Labeled_Dataset/videos/33511_1.mp4
50870_2,993cd35ce56719d97a642d15ec0b80dbdcb47f44821eace0099b613421937aea,train,good_form,0,/Users/tarpanmishra/Desktop/Squat More/Labeled_Dataset/videos/50870_2.mp4
46923_2,15f6cde17f6692de1aabcab455bf51363c87810f3b7621537eb1b19b1e19c3a3,train,good_form,0,/Users/tarpanmishra/Desktop/Squat More/Labeled_Dataset/videos/46923_2.mp4
46302_3,def9ce2f58302befad462e189cc223b0caeaa1e4ddd5d940207403318e5db34b,train,good_form,0,/Users/tarpanmishra/Desktop/Squat More/Labeled_Dataset/videos/46302_3.mp4
33248_3,c7f0e6d952c960b609a6a2228eb82a41663099c362599c153418b3043fcb9385,train,good_form,0,/Users/tarpanmishra/Desktop/Squat More/Labeled_Dataset/videos/33248_3.mp4
47619_1,a50a311d6f9bd8aaacda9681a0f17e0c56f74ae92222ac3e7cf5e17abb15a97e,train,good_form,0,/Users/tarpanmishra/Desktop/Squat More/Labeled_Dataset/videos/47619_1.mp4
48144_3,e15b03f8509402fae2f9c12cd5005b1056da2cedc3b466686725bde399f1239f,train,good_form,0,/Users/tarpanmishra/Desktop/Squat More/Labeled_Dataset/videos/48144_3.mp4
47869_3,407658f4b013fffd227f4cbf27d0ad6790635e78535de631eb83137c110885fa,train,good_form,0,/Users/tarpanmishra/Desktop/Squat More/Labeled_Dataset/videos/47869_3.mp4
36687_3,e4af20fc7cfe1796bdfd5f40f044bce4d023bb630c4c6fe6b3eb32a884cdbbe7,train,good_form,0,/Users/tarpanmishra/Desktop/Squat More/Labeled_Dataset/videos/36687_3.mp4
49001_5,7796fb248457b75d1e63714eb412a9a0762c185ef1dfc98729d97da7dfa325a3,train,good_form,0,/Users/tarpanmishra/Desktop/Squat More/Labeled_Dataset/videos/49001_5.mp4
46725_1,5796d35ff29b8948fee1cdfdec58b3629e063abb8e7c44e6409c6e5bac5620f0,train,posture_fault,1,/Users/tarpanmishra/Desktop/Squat More/Labeled_Dataset/videos/46725_1.mp4
46230_1,25370b3abd95342e246dc496d5e069e6fb33a060256531c57bad327eb214d59f,train,posture_fault,1,/Users/tarpanmishra/Desktop/Squat More/Labeled_Dataset/videos/46230_1.mp4
50591_1,a231ad30b948e31facb1adc84cbd4a83104056e2d0a5af62543941cedab13f9f,train,posture_fault,1,/Users/tarpanmishra/Desktop/Squat More/Labeled_Dataset/videos/50591_1.mp4
48802_1,b95fab90509652a360e1f3c21e233db9aec04f3329b8f8c268a26fd500bfa91b,train,posture_fault,1,/Users/tarpanmishra/Desktop/Squat More/Labeled_Dataset/videos/48802_1.mp4
49355_1,d0a1663312692fa099774f86545170435914a2e413054913a37b0501016cadd8,train,posture_fault,1,/Users/tarpanmishra/Desktop/Squat More/Labeled_Dataset/videos/49355_1.mp4
49596_1,4d7b96baceec568bc7a183dc6b112840429e5b53e04bf1f564f9bfc1db164ada,train,posture_fault,1,/Users/tarpanmishra/Desktop/Squat More/Labeled_Dataset/videos/49596_1.mp4
49532_1,f674507f1d30b47b0f827159cbb4e10a7aac2dc96271fd87cb585a671ccb3b8a,train,posture_fault,1,/Users/tarpanmishra/Desktop/Squat More/Labeled_Dataset/videos/49532_1.mp4
47942_2,a2ec224e280c6be62964032b2158eb200a16d36fcd7735bd6e4a28dedc372699,train,posture_fault,1,/Users/tarpanmishra/Desktop/Squat More/Labeled_Dataset/videos/47942_2.mp4
50280_3,37639eeea5d60ea6a0651c6c8d71c2608f62ff6782f28c32a9ad2adfa194c069,train,posture_fault,1,/Users/tarpanmishra/Desktop/Squat More/Labeled_Dataset/videos/50280_3.mp4
47570_1,325134d18f8eadafb574daee2f0fa0fdffe8c8a1831a57bb32282d1f54d63e8b,train,posture_fault,1,/Users/tarpanmishra/Desktop/Squat More/Labeled_Dataset/videos/47570_1.mp4
46506_5,1076b0018b28b7e91c077e2c45b83b66aee4216174d501eb375b7d0f3f165a26,train,posture_fault,1,/Users/tarpanmishra/Desktop/Squat More/Labeled_Dataset/videos/46506_5.mp4
33827_1,a45cc3d8a605c4fe14d16245b3271158e08f3f1fa2209878a08b8fdfbe278b1f,train,posture_fault,1,/Users/tarpanmishra/Desktop/Squat More/Labeled_Dataset/videos/33827_1.mp4
50218_1,7be0406ac297aaa848625059a3b0407e40e4167a03922d2890ebdf7495d63ac2,train,posture_fault,1,/Users/tarpanmishra/Desktop/Squat More/Labeled_Dataset/videos/50218_1.mp4
50471_3,824d27965c1e40d7fce86b6e6baf9a78a0b92e7f5648bf6ad92e4f6093b40b6c,train,posture_fault,1,/Users/tarpanmishra/Desktop/Squat More/Labeled_Dataset/videos/50471_3.mp4
36138_3,bc45c0a535c8c6a94f3de5e63e100a074288dde24a7172660e1aa9904f5bc2f5,train,posture_fault,1,/Users/tarpanmishra/Desktop/Squat More/Labeled_Dataset/videos/36138_3.mp4
37286_1,af0aa19a3a1b9cbdf16b77517b42b95be2fcc522d9d38063120c5dbe63a54a50,train,posture_fault,1,/Users/tarpanmishra/Desktop/Squat More/Labeled_Dataset/videos/37286_1.mp4
49807_1,8a04e3c5f0252ee5376ad76771c64d19dd30fd2278d8e968d231a93af39276c8,train,posture_fault,1,/Users/tarpanmishra/Desktop/Squat More/Labeled_Dataset/videos/49807_1.mp4
50242_3,a924945a396c8dd8dadd58c4129bcfa1c6aed4f7061558b292f2531b314ff30a,train,posture_fault,1,/Users/tarpanmishra/Desktop/Squat More/Labeled_Dataset/videos/50242_3.mp4
49161_1,51ee88b1340c352370fcd6e57355a430e3d7bd49a4c063072809766baab19f74,train,posture_fault,1,/Users/tarpanmishra/Desktop/Squat More/Labeled_Dataset/videos/49161_1.mp4
37423_1,11756329a46d257c8889f17ad6b438a50ae8f9534a4f5a3d63fbfb88291945e9,train,posture_fault,1,/Users/tarpanmishra/Desktop/Squat More/Labeled_Dataset/videos/37423_1.mp4
45823_6,55065e19f7ee8071a7938bd322f028f2213aa8b507b7af5fe50459fd3d5db15b,train,posture_fault,1,/Users/tarpanmishra/Desktop/Squat More/Labeled_Dataset/videos/45823_6.mp4
49133_2,146d03458619bdbd56b8518db4afb91ef1462faad2e04b770021fde88d2c025b,train,posture_fault,1,/Users/tarpanmishra/Desktop/Squat More/Labeled_Dataset/videos/49133_2.mp4
48654_1,db66106d2ae01cdd8fb8f41f31f19045fb9ede29e7f49926d9c25b8f1a1f3c70,train,posture_fault,1,/Users/tarpanmishra/Desktop/Squat More/Labeled_Dataset/videos/48654_1.mp4
46507_2,414a7882ba9fbf6215c7c96786b0d6a575cb359f2de8107e873ec5866545c9fd,train,posture_fault,1,/Users/tarpanmishra/Desktop/Squat More/Labeled_Dataset/videos/46507_2.mp4
46341_1,aeba66752e890b69d21525c34dbf9aa1647e1f061b03be333968556491598c8c,train,posture_fault,1,/Users/tarpanmishra/Desktop/Squat More/Labeled_Dataset/videos/46341_1.mp4
36021_1,efc3cab8f09bd7592d70657ed8875fd41bce9ccc5c7f778c5b8c36fb54ad0409,train,posture_fault,1,/Users/tarpanmishra/Desktop/Squat More/Labeled_Dataset/videos/36021_1.mp4
50745_1,75c2cd869b8911f73eecdbd5aec14f1c983eef5cbd056cde998b4237b0dcb805,train,posture_fault,1,/Users/tarpanmishra/Desktop/Squat More/Labeled_Dataset/videos/50745_1.mp4
33417_1,27559e9a3f9457f2c04f896ea3e915bcf0e77c89df0b703fc7ba3e5c838ad7be,train,posture_fault,1,/Users/tarpanmishra/Desktop/Squat More/Labeled_Dataset/videos/33417_1.mp4
47279_1,57db03303404c8599c062afecd1514af8976529a047f6fdb4865f7c8663669f6,train,posture_fault,1,/Users/tarpanmishra/Desktop/Squat More/Labeled_Dataset/videos/47279_1.mp4
49769_1,3c5a0ecb273b2f5081573e2372cca4dc7318bceb323750a1678c8a3e0e559a2f,train,posture_fault,1,/Users/tarpanmishra/Desktop/Squat More/Labeled_Dataset/videos/49769_1.mp4
48484_7,bfa72dfeee9a20516410f3169317f19b69e46597275f5474e0b715953e201571,train,posture_fault,1,/Users/tarpanmishra/Desktop/Squat More/Labeled_Dataset/videos/48484_7.mp4
36738_3,06a511f49e94df0547990c22da1e3b68b226535e20338700557406916436586a,train,posture_fault,1,/Users/tarpanmishra/Desktop/Squat More/Labeled_Dataset/videos/36738_3.mp4
37756_1,b66acfbbe7ebae2d057002ce58201b8eefa0f3e0358385d14b9aa3a40c00f9a4,train,posture_fault,1,/Users/tarpanmishra/Desktop/Squat More/Labeled_Dataset/videos/37756_1.mp4
47315_4,c7def8ce4cf54651fc2e775d6b8179339da9c826b621e417e111870ec4c76a37,train,posture_fault,1,/Users/tarpanmishra/Desktop/Squat More/Labeled_Dataset/videos/47315_4.mp4
48624_1,2bc4b838f665c0055190fd974c9c8ceeec1e62daa4b2a8d07ddffa86229c9400,train,posture_fault,1,/Users/tarpanmishra/Desktop/Squat More/Labeled_Dataset/videos/48624_1.mp4
46839_1,12dbb1bc11f62632bd0db6eedf6c1474cb55d74eaa6f513842eb70531ae05c52,train,posture_fault,1,/Users/tarpanmishra/Desktop/Squat More/Labeled_Dataset/videos/46839_1.mp4
47134_8,bfe9536dd94dfeae56b51174d441c4c499d16250ae359ddff4397a2127521e67,train,posture_fault,1,/Users/tarpanmishra/Desktop/Squat More/Labeled_Dataset/videos/47134_8.mp4
46286_1,4ac4979ba59356b8d6f1eda7f87fbda2f1e126d54143c188cf5ec52ae1c52726,train,posture_fault,1,/Users/tarpanmishra/Desktop/Squat More/Labeled_Dataset/videos/46286_1.mp4
46334_2,685d532150bd187f65677801e6b54feb73a7e013727ba77d016aac3899f51c87,train,posture_fault,1,/Users/tarpanmishra/Desktop/Squat More/Labeled_Dataset/videos/46334_2.mp4
48001_1,5e6ee242deab54d8278449cfffdd453320208bb17b46afda8d8230f419502984,train,posture_fault,1,/Users/tarpanmishra/Desktop/Squat More/Labeled_Dataset/videos/48001_1.mp4
49155_2,a488ddac40c901d8832fc87f95ba61db298ca9229b57ebbbf477b384c1265e02,train,posture_fault,1,/Users/tarpanmishra/Desktop/Squat More/Labeled_Dataset/videos/49155_2.mp4
50204_1,9939b03e5ed0f1c25cdbede54fc69aef1682b6ad8c9fa47934a89b26db82ba18,train,posture_fault,1,/Users/tarpanmishra/Desktop/Squat More/Labeled_Dataset/videos/50204_1.mp4
36614_10,8ade4fe3876bad584db916160d8b342cd04745e208d3eeedf7a55922d35fd9d7,train,posture_fault,1,/Users/tarpanmishra/Desktop/Squat More/Labeled_Dataset/videos/36614_10.mp4
49516_1,72725acba1d0ee16a60983406086c94c73245478207dc11987766992535abb22,train,posture_fault,1,/Users/tarpanmishra/Desktop/Squat More/Labeled_Dataset/videos/49516_1.mp4
37908_2,ede5a0731adeb3b0b975d0826cd596e98bba45f50abd7bc71c8eeb7844615df2,train,posture_fault,1,/Users/tarpanmishra/Desktop/Squat More/Labeled_Dataset/videos/37908_2.mp4
48483_2,b30d2ba3f7201b3e7b156801f4a280fd73c709650aaacb29de819c9fcb4f542f,train,posture_fault,1,/Users/tarpanmishra/Desktop/Squat More/Labeled_Dataset/videos/48483_2.mp4
46026_1,a5555a1248c8c3d6b09dd13d20b9aee8c3213cfd37a4010ea74845ded7203e2c,train,posture_fault,1,/Users/tarpanmishra/Desktop/Squat More/Labeled_Dataset/videos/46026_1.mp4
46076_3,41c310df0e2e3cb439c2abab3803e281e137d8594e535efe3583c11960e256fd,train,posture_fault,1,/Users/tarpanmishra/Desktop/Squat More/Labeled_Dataset/videos/46076_3.mp4
33425_1,cf7d56519d3b44f2acd42cc1226e9cc3f6f2f8f52d73b415276c10a6f48d6a7f,train,posture_fault,1,/Users/tarpanmishra/Desktop/Squat More/Labeled_Dataset/videos/33425_1.mp4
36233_1,5ecf6f4e8cfba971cff83e246c57b0114ead1ee20dc898a7e0357c55e233a484,train,posture_fault,1,/Users/tarpanmishra/Desktop/Squat More/Labeled_Dataset/videos/36233_1.mp4
49736_1,4f1e27cdff4fd15ca7e87512a26b71d13f2f3d830d23d43d0757fd5bfd8591c7,train,posture_fault,1,/Users/tarpanmishra/Desktop/Squat More/Labeled_Dataset/videos/49736_1.mp4
47274_1,4d2411b5c5162ac50a977993d759ea1bcbb5bbdfaac4adbb3c2a82f09efa34ba,train,posture_fault,1,/Users/tarpanmishra/Desktop/Squat More/Labeled_Dataset/videos/47274_1.mp4
36968_1,1b8078949c7df91527cfa2a86c0b23076b91d319862b008597d6c0bd473bb8d7,train,posture_fault,1,/Users/tarpanmishra/Desktop/Squat More/Labeled_Dataset/videos/36968_1.mp4
47940_1,dcacee00f7b557a9ce44811839878dfb6129bbbf07d17816558740431441b09a,train,posture_fault,1,/Users/tarpanmishra/Desktop/Squat More/Labeled_Dataset/videos/47940_1.mp4
45950_1,b9d5ca7084855598fd0e6fc2cd5d4b77c7b3aed760d529406961e01d13aff6cc,train,posture_fault,1,/Users/tarpanmishra/Desktop/Squat More/Labeled_Dataset/videos/45950_1.mp4
46413_4,dc259d532596acffe126b07f13917c6daf58e3a523b186702eec1d9055023ac5,train,posture_fault,1,/Users/tarpanmishra/Desktop/Squat More/Labeled_Dataset/videos/46413_4.mp4
47829_1,6e7ef9a367e462038edfeb04397a1eb2fa2f52529a81e8c94b2854cc13046731,train,posture_fault,1,/Users/tarpanmishra/Desktop/Squat More/Labeled_Dataset/videos/47829_1.mp4
50060_2,92cedea2523ca0056310f391ad82ae67276ea0533fe0acc6ff190e088ae5658d,train,posture_fault,1,/Users/tarpanmishra/Desktop/Squat More/Labeled_Dataset/videos/50060_2.mp4
37927_1,6a48c45c3c37e86d2407161d4c46a66a91b1fcba232689295bce34af858f0550,train,posture_fault,1,/Users/tarpanmishra/Desktop/Squat More/Labeled_Dataset/videos/37927_1.mp4
49006_2,8b69c3e41d5a76135801d90e5d9ad882dd310f8f9428604d22e1f609cd8a5e2a,train,posture_fault,1,/Users/tarpanmishra/Desktop/Squat More/Labeled_Dataset/videos/49006_2.mp4
36143_1,0221590d58773cb2803067aa261087f67c187c42e2d71c2597bf24d0da8cd8c3,train,posture_fault,1,/Users/tarpanmishra/Desktop/Squat More/Labeled_Dataset/videos/36143_1.mp4
48683_1,57ea1800271ea76148f138cd30b691e05d838094505f1e07ed082a1021a587f1,train,posture_fault,1,/Users/tarpanmishra/Desktop/Squat More/Labeled_Dataset/videos/48683_1.mp4
47224_2,ffb5a19ca45b7b8154303b6b44ebb1d98316e1d7f1cda0484e1760dc1a17513e,train,posture_fault,1,/Users/tarpanmishra/Desktop/Squat More/Labeled_Dataset/videos/47224_2.mp4
47901_8,98ef308b8ba6b6b38342c8a18077e8bc1f5bb77ce1e662334d8e4ab4740add8d,train,posture_fault,1,/Users/tarpanmishra/Desktop/Squat More/Labeled_Dataset/videos/47901_8.mp4
47004_1,ab5045c392130ba8246957dfd74c338e0867c69db635042ebd94348b36a70e16,train,posture_fault,1,/Users/tarpanmishra/Desktop/Squat More/Labeled_Dataset/videos/47004_1.mp4
50406_1,1cdced8ec21a41e6afa5664e448525ea02527f6a5a2fe7b10b1e9cfceb8531ec,train,posture_fault,1,/Users/tarpanmishra/Desktop/Squat More/Labeled_Dataset/videos/50406_1.mp4
48293_2,414e9acc558caea15e24b4fdff65e8f917b94465c005bb367473e1780130c7dc,train,posture_fault,1,/Users/tarpanmishra/Desktop/Squat More/Labeled_Dataset/videos/48293_2.mp4
50619_4,df1be04e2996bb3dfc51683ddeb16709cef5627ccb7f9d14bd663d81ab276c0c,train,posture_fault,1,/Users/tarpanmishra/Desktop/Squat More/Labeled_Dataset/videos/50619_4.mp4
47107_1,9c064769cbb332d4dd559add93cc02f32a0ccc41742083c8a0420b3bd1b38216,train,posture_fault,1,/Users/tarpanmishra/Desktop/Squat More/Labeled_Dataset/videos/47107_1.mp4
50816_3,3eff39cb748da62d72c7e8c194f7e93c9ab97a8cd0a6b3472f9be735e4315242,train,posture_fault,1,/Users/tarpanmishra/Desktop/Squat More/Labeled_Dataset/videos/50816_3.mp4
37483_1,aaf8685c997d9865fbf4b59bb49505d6d248da6e5ae013a8e2c5af8efb8acff2,train,posture_fault,1,/Users/tarpanmishra/Desktop/Squat More/Labeled_Dataset/videos/37483_1.mp4
48851_1,3619bd9ce4f290953297b4be79a2d20aeeec2096eb07fb85fb6d82774e9555d8,train,posture_fault,1,/Users/tarpanmishra/Desktop/Squat More/Labeled_Dataset/videos/48851_1.mp4
47403_2,224c42f6371de5b0c9b48f34183d3dadf484fe8efefcb683ed96619582ed2184,train,posture_fault,1,/Users/tarpanmishra/Desktop/Squat More/Labeled_Dataset/videos/47403_2.mp4
46217_1,acd3828038e6c464d1b3ec774f962f038956e247505558c504a3b3755e245829,train,posture_fault,1,/Users/tarpanmishra/Desktop/Squat More/Labeled_Dataset/videos/46217_1.mp4
49456_4,95ad9a3ac83eab1c3d2bc221160fad3fad2ab05a8ed0989302ca2c1ae4354cc0,train,posture_fault,1,/Users/tarpanmishra/Desktop/Squat More/Labeled_Dataset/videos/49456_4.mp4
47939_1,f43370684a6b79b5a3722c62454819bf5717b0a2f898785057ec1be9d7751cd6,train,posture_fault,1,/Users/tarpanmishra/Desktop/Squat More/Labeled_Dataset/videos/47939_1.mp4
46367_1,1c325d0f869f728bb278947b28418b45334af1e9f9ee94c304955de4aba267c5,train,posture_fault,1,/Users/tarpanmishra/Desktop/Squat More/Labeled_Dataset/videos/46367_1.mp4
48844_1,eacb58b8e29bedfb046fd2593fa76136c7729e7fde7e4126067152af19f463d2,train,posture_fault,1,/Users/tarpanmishra/Desktop/Squat More/Labeled_Dataset/videos/48844_1.mp4
49947_1,9c6e755b051b025a17a745194e44d927a90fcf38419dd0eca015d1d58a09b878,train,posture_fault,1,/Users/tarpanmishra/Desktop/Squat More/Labeled_Dataset/videos/49947_1.mp4
50343_1,dbfdfcb66af7cde72fd4000ab9bb3b035d8ee5d2e529509eb8a7dbcbc9dc35c7,train,posture_fault,1,/Users/tarpanmishra/Desktop/Squat More/Labeled_Dataset/videos/50343_1.mp4
50599_3,a9335b2215f7e3a362fe6363979eff48fa4c59b1870cd246c7141f1bc3d4847d,train,posture_fault,1,/Users/tarpanmishra/Desktop/Squat More/Labeled_Dataset/videos/50599_3.mp4
48175_2,c35cea6231ab27ac4211957546d17222c3d9973b2fbba772d629f6d98369c4b4,train,posture_fault,1,/Users/tarpanmishra/Desktop/Squat More/Labeled_Dataset/videos/48175_2.mp4
36092_3,9725443872c6b6a833cc2d132c8d0aee9633c206f5018ee3503d4c09d86519a3,train,posture_fault,1,/Users/tarpanmishra/Desktop/Squat More/Labeled_Dataset/videos/36092_3.mp4
46007_3,0e9593801fcc0f8931ab53226e56732d5dd8659b43688e3779f61e660e9f7113,train,posture_fault,1,/Users/tarpanmishra/Desktop/Squat More/Labeled_Dataset/videos/46007_3.mp4
38035_1,8e288604170e7151ff19f7a726b3ab130b373319df8282fa5479d7eb067e73c8,train,posture_fault,1,/Users/tarpanmishra/Desktop/Squat More/Labeled_Dataset/videos/38035_1.mp4
50435_1,3793c4f5f5ab9382a4be67a001e6fa5a16c502c1730a5215d87d03b88ab13ced,train,posture_fault,1,/Users/tarpanmishra/Desktop/Squat More/Labeled_Dataset/videos/50435_1.mp4
47194_1,c57d7555193f3d5543f490c56c4252e0680ce03c26be6a7ecf015efc8e040e1c,train,posture_fault,1,/Users/tarpanmishra/Desktop/Squat More/Labeled_Dataset/videos/47194_1.mp4
47054_1,863e59689fb8ba0fda1dcace7d8c2b1204e69f55ec8fe4c3e48abab576483ddd,train,posture_fault,1,/Users/tarpanmishra/Desktop/Squat More/Labeled_Dataset/videos/47054_1.mp4
49724_2,ed6f0d4991487fda385ae52874c274d0070e30ede591729e14a0a76d75580f53,train,posture_fault,1,/Users/tarpanmishra/Desktop/Squat More/Labeled_Dataset/videos/49724_2.mp4
47544_2,1cfd881110624494cd50678093dcb6d73fdb7fb0c112ec6ff73d5d356273d4bf,train,posture_fault,1,/Users/tarpanmishra/Desktop/Squat More/Labeled_Dataset/videos/47544_2.mp4
47020_1,6e56dfaec234a3275e31023447289b63da25009840f2757d37dd105fa6eb3556,train,posture_fault,1,/Users/tarpanmishra/Desktop/Squat More/Labeled_Dataset/videos/47020_1.mp4
46035_1,a39732bd870ca38567e4689b0ff8ef2932be59fe7868ec67e73dd528be8fa617,train,posture_fault,1,/Users/tarpanmishra/Desktop/Squat More/Labeled_Dataset/videos/46035_1.mp4
46655_1,fefc60633ae3721e028da71220a5bae89a6b4395f4c519d09454bbcdc1dfac9d,train,posture_fault,1,/Users/tarpanmishra/Desktop/Squat More/Labeled_Dataset/videos/46655_1.mp4
49802_1,2dea29076f2e7cd571749080c8d0486e2142fe617a3777f828a4140db230b04f,train,posture_fault,1,/Users/tarpanmishra/Desktop/Squat More/Labeled_Dataset/videos/49802_1.mp4
46856_1,e999e400f633b39bc75046f0d0dae2da254a62c6527540cbd4dc7da7281e9dda,train,posture_fault,1,/Users/tarpanmishra/Desktop/Squat More/Labeled_Dataset/videos/46856_1.mp4
46100_3,1ef2b451457f887cd6bd4677fda6328e14e930651c0afa930d22d0876f5ff572,train,posture_fault,1,/Users/tarpanmishra/Desktop/Squat More/Labeled_Dataset/videos/46100_3.mp4
47476_4,0722b20d7f7557abbbd8d29ceca334f65a4a6319a1a53a61ee6a20d961b7b420,train,posture_fault,1,/Users/tarpanmishra/Desktop/Squat More/Labeled_Dataset/videos/47476_4.mp4
49515_5,4fc94e250d1404361759316fa6ea5148b536e42d89ad5ffdece3553ad9b31696,train,posture_fault,1,/Users/tarpanmishra/Desktop/Squat More/Labeled_Dataset/videos/49515_5.mp4
46160_1,5d09e7b112468b8b041c240f4b7af8ee36bf2f9e1c2f67b7e8ba2bdf39a893f8,train,posture_fault,1,/Users/tarpanmishra/Desktop/Squat More/Labeled_Dataset/videos/46160_1.mp4
48687_3,71d66219354a3deadef66c527fae5f507d8cf24d30d720e2da9771bf1ccefc26,train,posture_fault,1,/Users/tarpanmishra/Desktop/Squat More/Labeled_Dataset/videos/48687_3.mp4
37094_1,44a1ab5422269565a78e31b71cab21670efccc1de41197deb4317fd3a8653063,train,posture_fault,1,/Users/tarpanmishra/Desktop/Squat More/Labeled_Dataset/videos/37094_1.mp4
49490_5,baa515f1cfb4dba6255ae365789c124b149ca92824789862ab90a6dc92c68796,train,posture_fault,1,/Users/tarpanmishra/Desktop/Squat More/Labeled_Dataset/videos/49490_5.mp4
46570_1,9fe7b136b80604ab6aea686a5a641ed39841964fb8441fe78a7c8bba3ee669b4,train,posture_fault,1,/Users/tarpanmishra/Desktop/Squat More/Labeled_Dataset/videos/46570_1.mp4
48263_10,25fff97c21dd8e68765cae6d65f6a99fc96e157c455bf97b0041e980f9cf5b2c,train,posture_fault,1,/Users/tarpanmishra/Desktop/Squat More/Labeled_Dataset/videos/48263_10.mp4
47919_1,56912fdb743166c952f44d4bc91fd04d52731f06dd3a5c71f04045fefd991357,train,posture_fault,1,/Users/tarpanmishra/Desktop/Squat More/Labeled_Dataset/videos/47919_1.mp4
36264_2,ec9e32ed26e68e84374716010fc736f6fd354b12c7f31f0b70ca32ade6e9e0c7,train,posture_fault,1,/Users/tarpanmishra/Desktop/Squat More/Labeled_Dataset/videos/36264_2.mp4
47931_1,d6acbc7027480b2e908189c346654c13d76b134a1144182fcf0627e1145d4913,train,posture_fault,1,/Users/tarpanmishra/Desktop/Squat More/Labeled_Dataset/videos/47931_1.mp4
50024_2,58cd6161f26fc8497da38593f3aec2e93edb2e09fc68ed36fa7422faf6c12bac,train,posture_fault,1,/Users/tarpanmishra/Desktop/Squat More/Labeled_Dataset/videos/50024_2.mp4
49945_1,bb4ee6c754b5510196e3f07f842ebe1ba92503c1351d1b4602623e557fffb929,train,posture_fault,1,/Users/tarpanmishra/Desktop/Squat More/Labeled_Dataset/videos/49945_1.mp4
50312_3,f44701bfc79bc17a10ad6e1a75b959fb58236f3a5493af880180564b15d7e385,train,posture_fault,1,/Users/tarpanmishra/Desktop/Squat More/Labeled_Dataset/videos/50312_3.mp4
46081_1,ef3df50190080fb8a79e1097de64d3e6a83891eac051e6d78eac9f2206218943,train,posture_fault,1,/Users/tarpanmishra/Desktop/Squat More/Labeled_Dataset/videos/46081_1.mp4
50370_3,fce4920838766734e4b6958adb8a886792ee4cd7a908e957f3e1221d9b313612,train,posture_fault,1,/Users/tarpanmishra/Desktop/Squat More/Labeled_Dataset/videos/50370_3.mp4
49406_2,cc9913214398aa24f72815be3bffba1a802592cc8d0564f833d9655a65dd91ce,train,posture_fault,1,/Users/tarpanmishra/Desktop/Squat More/Labeled_Dataset/videos/49406_2.mp4
50423_5,ae47b483fb3b14874c71ba2da98fc570cbec62cfa9c7a9a9efbcab780b06ec90,train,posture_fault,1,/Users/tarpanmishra/Desktop/Squat More/Labeled_Dataset/videos/50423_5.mp4
47681_1,9b7fc10122cb8483fe227734cf25f02a69e417087b1c61968db6db1e5d7702ed,train,posture_fault,1,/Users/tarpanmishra/Desktop/Squat More/Labeled_Dataset/videos/47681_1.mp4
49980_1,085dc8c3b9165eadbc56b56e78634c17c0ca263573c89bd045ca6170a3e8e9ec,train,posture_fault,1,/Users/tarpanmishra/Desktop/Squat More/Labeled_Dataset/videos/49980_1.mp4
37665_1,1bd4a0dae663ee2d8a5816ac1023630d3bd7a0d20278ea8beb083ee0ea45be17,train,posture_fault,1,/Users/tarpanmishra/Desktop/Squat More/Labeled_Dataset/videos/37665_1.mp4
37958_1,44a75145f7354e8027bfe22e3192678894a0ab939f25292456da6af494ca8613,train,posture_fault,1,/Users/tarpanmishra/Desktop/Squat More/Labeled_Dataset/videos/37958_1.mp4
48141_1,291c85840c0f1f2142ada53e2f41e6275582c76e47baebbdbb107e41ad9e180c,train,posture_fault,1,/Users/tarpanmishra/Desktop/Squat More/Labeled_Dataset/videos/48141_1.mp4
46073_1,c6e1f566ad3f7d71aa81a14f1e9267ff49659b16be7db504f015fdf85d36535c,train,posture_fault,1,/Users/tarpanmishra/Desktop/Squat More/Labeled_Dataset/videos/46073_1.mp4
46167_1,652b7badc8186bc74bef2dd3134c9fa4883b36520f3ecbfc21803fb5572d66e1,train,posture_fault,1,/Users/tarpanmishra/Desktop/Squat More/Labeled_Dataset/videos/46167_1.mp4
47666_2,88c9d5e63b3aff6af7e8592c50dbd7159a7f9873b40c4716c3794fbbc6fd043a,train,posture_fault,1,/Users/tarpanmishra/Desktop/Squat More/Labeled_Dataset/videos/47666_2.mp4
47650_1,780441b04c451ccb0d0c2e0e2066b5622c204f0b7a2be9bbc0cfcce30608ec65,train,posture_fault,1,/Users/tarpanmishra/Desktop/Squat More/Labeled_Dataset/videos/47650_1.mp4
49957_1,d6b69beeeb73e9f7448d317729d6e8b9adfe969f723e2e05e0aa9250ab05d524,train,posture_fault,1,/Users/tarpanmishra/Desktop/Squat More/Labeled_Dataset/videos/49957_1.mp4
48074_1,8da423efabe91c87750b5e29e6015174731f1c433c42405eb111a41274298468,train,posture_fault,1,/Users/tarpanmishra/Desktop/Squat More/Labeled_Dataset/videos/48074_1.mp4
